N00007665,1998
N00004094,1998
N00001143,1998
N00003028,1998
N00007653,1998
N00009082,1998
N00000469,1998
N00000826,1998
N00005822,1998
N00005638,1998
N00005165,1998
N00008091,1998
N00003428,1998
N00005407,1998
N00000496,1998
N00002377,1998
N00004087,1998
N00002526,1998
N00005336,1998
N00009160,1998
N00002017,1998
N00005656,1998
N00000423,1998
N00002146,1998
N00004643,1998
N00009774,1998
N00006347,1998
N00005805,1998
N00005331,1998
N00008094,1998
N00005455,1998
N00001669,1998
N00006981,1998
N00002982,1998
N00006518,1998
N00002674,1998
N00004816,1998
N00002126,1998
N00007727,1998
N00005195,1998
N00001267,1998
N00003675,1998
N00005178,1998
N00005985,1998
N00003939,1998
N00007068,1998
N00001572,1998
N00004208,1998
N00002171,1998
N00006692,1998
N00002743,1998
N00005883,1998
N00001619,1998
N00004791,1998
N00005385,1998
N00002713,1998
N00007076,1998
N00003535,1998
N00005244,1998
N00001750,1998
N00003258,1998
N00005466,1998
N00003437,1998
N00004638,1998
N00002221,1998
N00000010,1998
N00003924,1998
N00002200,1998
N00003091,1998
N00007099,1998
N00008086,1998
N00006202,1998
N00007377,1998
N00002949,1998
N00006349,1998
N00007232,1998
N00001955,1998
N00003758,1998
N00009775,1998
N00003689,1998
N00000324,1998
N00002685,1998
N00006279,1998
N00005305,1998
N00000133,1998
N00005026,1998
N00002302,1998
N00001751,1998
N00009779,1998
N00002408,1998
N00003845,1998
N00002247,1998
N00005601,1998
N00003328,1998
N00002556,1998
N00000491,1998
N00006055,1998
N00007502,1998
N00004613,1998
N00004029,1998
N00006348,1998
N00005422,1998
N00004956,1998
N00002567,1998
N00007124,1998
N00001371,1998
N00002091,1998
N00003042,1998
N00004698,1998
N00006267,1998
N00006242,1998
N00001971,1998
N00007050,1998
N00001158,1998
N00001784,1998
N00004583,1998
N00004884,1998
N00002926,1998
N00002045,1998
N00002610,1998
N00007781,1998
N00006134,1998
N00000280,1998
N00000615,1998
N00005892,1998
N00002839,1998
N00003709,1998
N00002872,1998
N00005442,1998
N00007918,1998
N00001783,1998
N00006682,1998
N00000581,1998
N00006023,1998
N00006515,1998
N00007251,1998
N00007556,1998
N00004615,1998
N00001373,1998
N00006932,1998
N00003209,1998
N00007823,1998
N00004981,1998
N00005794,1998
N00004166,1998
N00001925,1998
N00005090,1998
N00001003,1998
N00001427,1998
N00006619,1998
N00006249,1998
N00007335,1998
N00002269,1998
N00004912,1998
N00003083,1998
N00004939,1998
N00002351,1998
N00007632,1998
N00007312,1998
N00001746,1998
N00004772,1998
N00007561,1998
N00000036,1998
N00007364,1998
N00007033,1998
N00002898,1998
N00001182,1998
N00003218,1998
N00003470,1998
N00000983,1998
N00002718,1998
N00001541,1998
N00000275,1998
N00000810,1998
N00000684,1998
N00003147,1998
N00005677,1998
N00007710,1998
N00007231,1998
N00004221,1998
N00000585,1998
N00001447,1998
N00005037,1998
N00006652,1998
N00002012,1998
N00003660,1998
N00001049,1998
N00001871,1998
N00005961,1998
N00002167,1998
N00009154,1998
N00001451,1998
N00003126,1998
N00007879,1998
N00002960,1998
N00002742,1998
N00009975,1998
N00005709,1998
N00004468,1998
N00008799,1998
N00001758,1998
N00005870,1998
N00001519,1998
N00000444,1998
N00004874,1998
N00004527,1998
N00005301,1998
N00005645,1998
N00003716,1998
N00003887,1998
N00006312,1998
N00004207,1998
N00006750,1998
N00004781,1998
N00002884,1998
N00009157,1998
N00009869,1998
N00006455,1998
N00000048,1998
N00002314,1998
N00002287,1998
N00007584,1998
N00004644,1998
N00003166,1998
N00003008,1998
N00001222,1998
N00006008,1998
N00003725,1998
N00004155,1998
N00001469,1998
N00002423,1998
N00007700,1998
N00006821,1998
N00003897,1998
N00001329,1998
N00001821,1998
N00008032,1998
N00006983,1998
N00008190,1998
N00005499,1998
N00005675,1998
N00004702,1998
N00002460,1998
N00005582,1998
N00001762,1998
N00005551,1998
N00005818,1998
N00012457,1998
N00005353,1998
N00000534,1998
N00003202,1998
N00008038,1998
N00008122,1998
N00004393,1998
N00000561,1998
N00008028,1998
N00010084,1998
N00002299,1998
N00001509,1998
N00003522,1998
N00009778,1998
N00001020,1998
N00006283,1998
N00000308,1998
N00000259,1998
N00000360,1998
N00000569,1998
N00005303,1998
N00000245,1998
N00004070,1998
N00004005,1998
N00006953,1998
N00004403,1998
N00001193,1998
N00002656,1998
N00004330,1998
N00001399,1998
N00004374,1998
N00004045,1998
N00004309,1998
N00006486,1998
N00003572,1998
N00006406,1998
N00001305,1998
N00004933,1998
N00005928,1998
N00005395,1998
N00007382,1998
N00005597,1998
N00004227,1998
N00003545,1998
N00000659,1998
N00001176,1998
N00004280,1998
N00009918,1998
N00008046,1998
N00001691,1998
N00003950,1998
N00007087,1998
N00002577,1998
N00003476,1998
N00000616,1998
N00002599,1998
N00004856,1998
N00001797,1998
N00000851,1998
N00007479,1998
N00003329,1998
N00001024,1998
N00005559,1998
N00001764,1998
N00004440,1998
N00001800,1998
N00000078,1998
N00000637,1998
N00001068,1998
N00004905,1998
N00000270,1998
N00006949,1998
N00001339,1998
N00007571,1998
N00006424,1998
N00001148,1998
N00005119,1998
N00002791,1998
N00003389,1998
N00005414,1998
N00001498,1998
N00009829,1998
N00000179,1998
N00001475,1998
N00001276,1998
N00006213,1998
N00003878,1998
N00002356,1998
N00006882,1998
N00002511,1998
N00001214,1998
N00000205,1998
N00002856,1998
N00001171,1998
N00000699,1998
N00007895,1998
N00002793,1998
N00001945,1998
N00006811,1998
N00002963,1998
N00007390,1998
N00004547,1998
N00004229,1998
N00000256,1998
N00002214,1998
N00005282,1998
N00002083,1998
N00001805,1998
N00000968,1998
N00008006,1998
N00007876,1998
N00001408,1998
N00002327,1998
N00000939,1998
N00000153,1998
N00008166,1998
N00004356,1998
N00003532,1998
N00005617,1998
N00003392,1998
N00001692,1998
N00002630,1998
N00004255,1998
N00001806,1998
N00004394,1998
N00000143,1998
N00005998,1998
N00001074,1998
N00003736,1998
N00007009,1998
N00000781,1998
N00000664,1998
N00003362,1998
N00000751,1998
N00006397,1998
N00005906,1998
N00001307,1998
N00000716,1998
N00003910,1998
N00007360,1998
N00004558,1998
N00001422,1998
N00004426,1998
N00003341,1998
N00002140,1998
N00001633,1998
N00007516,1998
N00008113,1998
N00004700,1998
N00003682,1998
N00004997,1998
N00002260,1998
N00003504,1998
N00001290,1998
N00007507,1998
N00002198,1998
N00004484,1998
N00000964,1998
N00006571,1998
N00000362,1998
N00003651,1998
N00009922,1998
N00006067,1998
N00007425,1998
N00003071,1998
N00003962,1998
N00002057,1998
N00005285,1998
N00001685,1998
N00009828,1998
N00003828,1998
N00006832,1998
N00003473,1998
N00007151,1998
N00000140,1998
N00002858,1998
N00001664,1998
N00008619,1998
N00000740,1998
N00006671,1998
N00008264,1998
N00004887,1998
N00005218,1998
N00004489,1998
N00006446,1998
N00008274,1998
N00000528,1998
N00005724,1998
N00002424,1998
N00001380,1998
N00001979,1998
N00009799,1998
N00000834,1998
N00002754,1998
N00006144,1998
N00006182,1998
N00001093,1998
N00002147,1998
N00004291,1998
N00001813,1998
N00003062,1998
N00005681,1998
N00006425,1998
N00002877,1998
N00000652,1998
N00009920,1998
N00006897,1998
N00004961,1998
N00001395,1998
N00002151,1998
N00006163,1998
N00006586,1998
N00005105,1998
N00001311,1998
N00007833,1998
N00007799,1998
N00008957,1998
N00009816,1998
N00007815,1998
N00001811,1998
N00007948,1998
N00004113,1998
N00005221,1998
N00000480,1998
N00008188,1998
N00009822,1998
N00003844,1998
N00001604,1998
N00002414,1998
N00002492,1998
N00004118,1998
N00007397,1998
N00002782,1998
N00006060,1998
N00007997,1998
N00003587,1998
N00003730,1998
N00006473,1998
N00004196,1998
N00000397,1998
N00005004,1998
N00003254,1998
N00007422,1998
N00005372,1998
N00002383,1998
N00003350,1998
N00007256,1998
N00006246,1998
N00003288,1998
N00003136,1998
N00006052,1998
N00004572,1998
N00002973,1998
N00002415,1998
N00008144,1998
N00000226,1998
N00006970,1998
N00000756,1998
N00001082,1998
N00003647,1998
N00005731,1998
N00007681,1998
N00004133,1998
N00001102,1998
N00004452,1998
N00003813,1998
N00001261,1998
N00003159,1998
N00002061,1998
N00006690,1998
N00005580,1998
N00002328,1998
N00005528,1998
N00001861,1998
N00001535,1998
N00002807,1998
N00004745,1998
N00004443,1998
N00002905,1998
N00000340,1998
N00007834,1998
N00003467,1998
N00003280,1998
N00006546,1998
N00002181,1998
N00002073,1998
N00007458,1998
N00007724,1998
N00001849,1998
N00004896,1998
N00001817,1998
N00007999,1998
N00007665,2000
N00004094,2000
N00001143,2000
N00003028,2000
N00007653,2000
N00009082,2000
N00000469,2000
N00000826,2000
N00005822,2000
N00005638,2000
N00005165,2000
N00007089,2000
N00008091,2000
N00007936,2000
N00005407,2000
N00000496,2000
N00004367,2000
N00002377,2000
N00004087,2000
N00002526,2000
N00005336,2000
N00009160,2000
N00002017,2000
N00005656,2000
N00000423,2000
N00004643,2000
N00003762,2000
N00009774,2000
N00006347,2000
N00005805,2000
N00005331,2000
N00009818,2000
N00008094,2000
N00005455,2000
N00001669,2000
N00004762,2000
N00006981,2000
N00002982,2000
N00006518,2000
N00002674,2000
N00004816,2000
N00002126,2000
N00007727,2000
N00005195,2000
N00001267,2000
N00003675,2000
N00005178,2000
N00005985,2000
N00003939,2000
N00007068,2000
N00001572,2000
N00004208,2000
N00002171,2000
N00006692,2000
N00002743,2000
N00005883,2000
N00001619,2000
N00005385,2000
N00002713,2000
N00003535,2000
N00005244,2000
N00001750,2000
N00003258,2000
N00003437,2000
N00004638,2000
N00002221,2000
N00000010,2000
N00003924,2000
N00002200,2000
N00003091,2000
N00007099,2000
N00008086,2000
N00006202,2000
N00007377,2000
N00002949,2000
N00006349,2000
N00007232,2000
N00000267,2000
N00001955,2000
N00003758,2000
N00009775,2000
N00003689,2000
N00009954,2000
N00002685,2000
N00006279,2000
N00000133,2000
N00005026,2000
N00002302,2000
N00001751,2000
N00009779,2000
N00002408,2000
N00002247,2000
N00005601,2000
N00003328,2000
N00002556,2000
N00000491,2000
N00006055,2000
N00007502,2000
N00004613,2000
N00004029,2000
N00006348,2000
N00005422,2000
N00004956,2000
N00007124,2000
N00001371,2000
N00002091,2000
N00003042,2000
N00004698,2000
N00006267,2000
N00001127,2000
N00006242,2000
N00001971,2000
N00007050,2000
N00001784,2000
N00004583,2000
N00004884,2000
N00002926,2000
N00002045,2000
N00002610,2000
N00007781,2000
N00006134,2000
N00000280,2000
N00000615,2000
N00005892,2000
N00002472,2000
N00002839,2000
N00003709,2000
N00002872,2000
N00005442,2000
N00007918,2000
N00001783,2000
N00000581,2000
N00006023,2000
N00006515,2000
N00007251,2000
N00007556,2000
N00004615,2000
N00001373,2000
N00006932,2000
N00003209,2000
N00007823,2000
N00004981,2000
N00005794,2000
N00002283,2000
N00004166,2000
N00001925,2000
N00005090,2000
N00001003,2000
N00001427,2000
N00006249,2000
N00007335,2000
N00002269,2000
N00004912,2000
N00003083,2000
N00004939,2000
N00007632,2000
N00007312,2000
N00001746,2000
N00000036,2000
N00007364,2000
N00007033,2000
N00004690,2000
N00003430,2000
N00002898,2000
N00001182,2000
N00003218,2000
N00000983,2000
N00002718,2000
N00000275,2000
N00000810,2000
N00000684,2000
N00003147,2000
N00005677,2000
N00007231,2000
N00004221,2000
N00000585,2000
N00001447,2000
N00005037,2000
N00006652,2000
N00002012,2000
N00003660,2000
N00001049,2000
N00005960,2000
N00002167,2000
N00009154,2000
N00001451,2000
N00003126,2000
N00007879,2000
N00002960,2000
N00002742,2000
N00009975,2000
N00005709,2000
N00004468,2000
N00008799,2000
N00001758,2000
N00005870,2000
N00004391,2000
N00001519,2000
N00000444,2000
N00004874,2000
N00004527,2000
N00005301,2000
N00005645,2000
N00003716,2000
N00006312,2000
N00004207,2000
N00004781,2000
N00002884,2000
N00009157,2000
N00009869,2000
N00002315,2000
N00006455,2000
N00000048,2000
N00002287,2000
N00007584,2000
N00003875,2000
N00004644,2000
N00003166,2000
N00003008,2000
N00001222,2000
N00006008,2000
N00003725,2000
N00001529,2000
N00004155,2000
N00001469,2000
N00002423,2000
N00000860,2000
N00007700,2000
N00006821,2000
N00003897,2000
N00001329,2000
N00001821,2000
N00008032,2000
N00006983,2000
N00008190,2000
N00005499,2000
N00005675,2000
N00004702,2000
N00005582,2000
N00001762,2000
N00001725,2000
N00002593,2000
N00005551,2000
N00005818,2000
N00012457,2000
N00005353,2000
N00000534,2000
N00003202,2000
N00008038,2000
N00008122,2000
N00000561,2000
N00008028,2000
N00010084,2000
N00003561,2000
N00002299,2000
N00001509,2000
N00003522,2000
N00001020,2000
N00000308,2000
N00000360,2000
N00005303,2000
N00000245,2000
N00004070,2000
N00004005,2000
N00004403,2000
N00001193,2000
N00002656,2000
N00004330,2000
N00001399,2000
N00004045,2000
N00004309,2000
N00006486,2000
N00003572,2000
N00008048,2000
N00006406,2000
N00001305,2000
N00004933,2000
N00005928,2000
N00005395,2000
N00007382,2000
N00005597,2000
N00000575,2000
N00004227,2000
N00003545,2000
N00000659,2000
N00001176,2000
N00004280,2000
N00009918,2000
N00008046,2000
N00001691,2000
N00003950,2000
N00007087,2000
N00002577,2000
N00003476,2000
N00000616,2000
N00008092,2000
N00002599,2000
N00004856,2000
N00000851,2000
N00007479,2000
N00003329,2000
N00001024,2000
N00005559,2000
N00003444,2000
N00001764,2000
N00004440,2000
N00001800,2000
N00000078,2000
N00000637,2000
N00004905,2000
N00000270,2000
N00006949,2000
N00001339,2000
N00007571,2000
N00006424,2000
N00001148,2000
N00005119,2000
N00002791,2000
N00003389,2000
N00005414,2000
N00009829,2000
N00000179,2000
N00001276,2000
N00006213,2000
N00003878,2000
N00002356,2000
N00006882,2000
N00002511,2000
N00001214,2000
N00000205,2000
N00002856,2000
N00001171,2000
N00000699,2000
N00007895,2000
N00002793,2000
N00001945,2000
N00006811,2000
N00002963,2000
N00006954,2000
N00007390,2000
N00013436,2000
N00004547,2000
N00004229,2000
N00000256,2000
N00002214,2000
N00005233,2000
N00005282,2000
N00002083,2000
N00001805,2000
N00000968,2000
N00008006,2000
N00007876,2000
N00001408,2000
N00002327,2000
N00000939,2000
N00006789,2000
N00000153,2000
N00008166,2000
N00003532,2000
N00005617,2000
N00003392,2000
N00001692,2000
N00002630,2000
N00004255,2000
N00001806,2000
N00004394,2000
N00000143,2000
N00005998,2000
N00007581,2000
N00001074,2000
N00003736,2000
N00007009,2000
N00000781,2000
N00000751,2000
N00006397,2000
N00005906,2000
N00000716,2000
N00003910,2000
N00007360,2000
N00004558,2000
N00001422,2000
N00004426,2000
N00004991,2000
N00003341,2000
N00002140,2000
N00001633,2000
N00007516,2000
N00008113,2000
N00004700,2000
N00003682,2000
N00002260,2000
N00003504,2000
N00001290,2000
N00007507,2000
N00002198,2000
N00004484,2000
N00000964,2000
N00000362,2000
N00003651,2000
N00009922,2000
N00006067,2000
N00001295,2000
N00003071,2000
N00003962,2000
N00002057,2000
N00005285,2000
N00001685,2000
N00009828,2000
N00003828,2000
N00006832,2000
N00003473,2000
N00007151,2000
N00000140,2000
N00002858,2000
N00001664,2000
N00008619,2000
N00000740,2000
N00006671,2000
N00008264,2000
N00004887,2000
N00004357,2000
N00005218,2000
N00004489,2000
N00006446,2000
N00008274,2000
N00000528,2000
N00005724,2000
N00002424,2000
N00001380,2000
N00001979,2000
N00009799,2000
N00000834,2000
N00002754,2000
N00006182,2000
N00004724,2000
N00001093,2000
N00002147,2000
N00004291,2000
N00001813,2000
N00003062,2000
N00005681,2000
N00006425,2000
N00002877,2000
N00000652,2000
N00009920,2000
N00006897,2000
N00001510,2000
N00004961,2000
N00003339,2000
N00001395,2000
N00006263,2000
N00002151,2000
N00006586,2000
N00005105,2000
N00001311,2000
N00007833,2000
N00008957,2000
N00009816,2000
N00007815,2000
N00001811,2000
N00004113,2000
N00000480,2000
N00008188,2000
N00003844,2000
N00001604,2000
N00002414,2000
N00002492,2000
N00004118,2000
N00007397,2000
N00002782,2000
N00006060,2000
N00007997,2000
N00003730,2000
N00006473,2000
N00004196,2000
N00000397,2000
N00009821,2000
N00005004,2000
N00006103,2000
N00003254,2000
N00007422,2000
N00005372,2000
N00002383,2000
N00003350,2000
N00005321,2000
N00007256,2000
N00006246,2000
N00003288,2000
N00003136,2000
N00007419,2000
N00006052,2000
N00004572,2000
N00002973,2000
N00002415,2000
N00008144,2000
N00000226,2000
N00001489,2000
N00000756,2000
N00001082,2000
N00003647,2000
N00005731,2000
N00008051,2000
N00006561,2000
N00007681,2000
N00004133,2000
N00001102,2000
N00003813,2000
N00009659,2000
N00003583,2000
N00007690,2000
N00001261,2000
N00003159,2000
N00002061,2000
N00006690,2000
N00005580,2000
N00002328,2000
N00005528,2000
N00001861,2000
N00001110,2000
N00001535,2000
N00002807,2000
N00004745,2000
N00004443,2000
N00002905,2000
N00000340,2000
N00003467,2000
N00003280,2000
N00006546,2000
N00002181,2000
N00002073,2000
N00007458,2000
N00009824,2000
N00007724,2000
N00001849,2000
N00001817,2000
N00007999,2000
N00007665,2002
N00009825,2002
N00001143,2002
N00003028,2002
N00007653,2002
N00009677,2002
N00009082,2002
N00009957,2002
N00000469,2002
N00000826,2002
N00005638,2002
N00007089,2002
N00008091,2002
N00007936,2002
N00005407,2002
N00000496,2002
N00004367,2002
N00002377,2002
N00004087,2002
N00004517,2002
N00002526,2002
N00009160,2002
N00002017,2002
N00005656,2002
N00000423,2002
N00004643,2002
N00003762,2002
N00009774,2002
N00006347,2002
N00005805,2002
N00005331,2002
N00009818,2002
N00008094,2002
N00005455,2002
N00001669,2002
N00004762,2002
N00002982,2002
N00006518,2002
N00002674,2002
N00004816,2002
N00007727,2002
N00005195,2002
N00001267,2002
N00003675,2002
N00005178,2002
N00005985,2002
N00003939,2002
N00007068,2002
N00013873,2002
N00001572,2002
N00004208,2002
N00002171,2002
N00006692,2002
N00002743,2002
N00005883,2002
N00001619,2002
N00005385,2002
N00002713,2002
N00002428,2002
N00003535,2002
N00005244,2002
N00003258,2002
N00003437,2002
N00004638,2002
N00002221,2002
N00000010,2002
N00003924,2002
N00002200,2002
N00003091,2002
N00007099,2002
N00008086,2002
N00006202,2002
N00006349,2002
N00013131,2002
N00007836,2002
N00009771,2002
N00007232,2002
N00000267,2002
N00001955,2002
N00013739,2002
N00012508,2002
N00009704,2002
N00003758,2002
N00009775,2002
N00003689,2002
N00009954,2002
N00002685,2002
N00000133,2002
N00012460,2002
N00002302,2002
N00001751,2002
N00009779,2002
N00000019,2002
N00002408,2002
N00002247,2002
N00003328,2002
N00002556,2002
N00000491,2002
N00006055,2002
N00007502,2002
N00004613,2002
N00004029,2002
N00005422,2002
N00024852,2002
N00009945,2002
N00004956,2002
N00007124,2002
N00001371,2002
N00002091,2002
N00003042,2002
N00004698,2002
N00006267,2002
N00012739,2002
N00001127,2002
N00006242,2002
N00009738,2002
N00001971,2002
N00007050,2002
N00004583,2002
N00004884,2002
N00002926,2002
N00013078,2002
N00009604,2002
N00002045,2002
N00013291,2002
N00002610,2002
N00007781,2002
N00006134,2002
N00000280,2002
N00000615,2002
N00005892,2002
N00002472,2002
N00002839,2002
N00003709,2002
N00002872,2002
N00007918,2002
N00001783,2002
N00000581,2002
N00006023,2002
N00006515,2002
N00007251,2002
N00007556,2002
N00004615,2002
N00001373,2002
N00006932,2002
N00003209,2002
N00007823,2002
N00004981,2002
N00005794,2002
N00002283,2002
N00004166,2002
N00001925,2002
N00005090,2002
N00001003,2002
N00001427,2002
N00006619,2002
N00006249,2002
N00007335,2002
N00002269,2002
N00004912,2002
N00003083,2002
N00007632,2002
N00007312,2002
N00001746,2002
N00000036,2002
N00007364,2002
N00000766,2002
N00007033,2002
N00004690,2002
N00009573,2002
N00003430,2002
N00002898,2002
N00013799,2002
N00003218,2002
N00000983,2002
N00000275,2002
N00000684,2002
N00003147,2002
N00005677,2002
N00007231,2002
N00004221,2002
N00001447,2002
N00005037,2002
N00006652,2002
N00002012,2002
N00003660,2002
N00001049,2002
N00005960,2002
N00002167,2002
N00009154,2002
N00003126,2002
N00002960,2002
N00002742,2002
N00009975,2002
N00005709,2002
N00008799,2002
N00001758,2002
N00013323,2002
N00005870,2002
N00004391,2002
N00001519,2002
N00000444,2002
N00012774,2002
N00004874,2002
N00004527,2002
N00005301,2002
N00005645,2002
N00006312,2002
N00004207,2002
N00006750,2002
N00009715,2002
N00004781,2002
N00002884,2002
N00009157,2002
N00009869,2002
N00002315,2002
N00006455,2002
N00000048,2002
N00002287,2002
N00007584,2002
N00003875,2002
N00003166,2002
N00003008,2002
N00001222,2002
N00006008,2002
N00003725,2002
N00001529,2002
N00004155,2002
N00001469,2002
N00002423,2002
N00000860,2002
N00012611,2002
N00007700,2002
N00006821,2002
N00003897,2002
N00001329,2002
N00001821,2002
N00008032,2002
N00006983,2002
N00005499,2002
N00005675,2002
N00004702,2002
N00005582,2002
N00001762,2002
N00001725,2002
N00002593,2002
N00013345,2002
N00007017,2002
N00005551,2002
N00005818,2002
N00012457,2002
N00005353,2002
N00000534,2002
N00003202,2002
N00008038,2002
N00008122,2002
N00000561,2002
N00008028,2002
N00010084,2002
N00012890,2002
N00003561,2002
N00002299,2002
N00001509,2002
N00003522,2002
N00009614,2002
N00001020,2002
N00000308,2002
N00009670,2002
N00000360,2002
N00012747,2002
N00000245,2002
N00004070,2002
N00004005,2002
N00004403,2002
N00001193,2002
N00002656,2002
N00012539,2002
N00004330,2002
N00004045,2002
N00004309,2002
N00006486,2002
N00003572,2002
N00006406,2002
N00001305,2002
N00004933,2002
N00005928,2002
N00005395,2002
N00009724,2002
N00007382,2002
N00009759,2002
N00000575,2002
N00004227,2002
N00003545,2002
N00004280,2002
N00009918,2002
N00008046,2002
N00001691,2002
N00003950,2002
N00007087,2002
N00002577,2002
N00003476,2002
N00000616,2002
N00008092,2002
N00002599,2002
N00004856,2002
N00000851,2002
N00007479,2002
N00003329,2002
N00001024,2002
N00005559,2002
N00003444,2002
N00001764,2002
N00004440,2002
N00013855,2002
N00000078,2002
N00000637,2002
N00004905,2002
N00000270,2002
N00001339,2002
N00009753,2002
N00007571,2002
N00006424,2002
N00001148,2002
N00005119,2002
N00012942,2002
N00003389,2002
N00005414,2002
N00009829,2002
N00000179,2002
N00001276,2002
N00006213,2002
N00002356,2002
N00006882,2002
N00002511,2002
N00001214,2002
N00000205,2002
N00002856,2002
N00001171,2002
N00000699,2002
N00002793,2002
N00001945,2002
N00006811,2002
N00002963,2002
N00006954,2002
N00007390,2002
N00013846,2002
N00013436,2002
N00002214,2002
N00005233,2002
N00005282,2002
N00002083,2002
N00001805,2002
N00008006,2002
N00007876,2002
N00001408,2002
N00002327,2002
N00000939,2002
N00006789,2002
N00000153,2002
N00005329,2002
N00009926,2002
N00008166,2002
N00003532,2002
N00005617,2002
N00003392,2002
N00001692,2002
N00002630,2002
N00004255,2002
N00001806,2002
N00004394,2002
N00000143,2002
N00005998,2002
N00012970,2002
N00007581,2002
N00009637,2002
N00001074,2002
N00003736,2002
N00000781,2002
N00000751,2002
N00006397,2002
N00005906,2002
N00000716,2002
N00007360,2002
N00003765,2002
N00004558,2002
N00001422,2002
N00004426,2002
N00004991,2002
N00003341,2002
N00001633,2002
N00009719,2002
N00007516,2002
N00008113,2002
N00003682,2002
N00002260,2002
N00003504,2002
N00009618,2002
N00001290,2002
N00007507,2002
N00002198,2002
N00004484,2002
N00000964,2002
N00000362,2002
N00003651,2002
N00004645,2002
N00009922,2002
N00006067,2002
N00001295,2002
N00003071,2002
N00003962,2002
N00005285,2002
N00001685,2002
N00009828,2002
N00003828,2002
N00003473,2002
N00009668,2002
N00007151,2002
N00002858,2002
N00009571,2002
N00008619,2002
N00000740,2002
N00006671,2002
N00008264,2002
N00004887,2002
N00004357,2002
N00005218,2002
N00004489,2002
N00008274,2002
N00000528,2002
N00005724,2002
N00001380,2002
N00001979,2002
N00009799,2002
N00000834,2002
N00006182,2002
N00004724,2002
N00009585,2002
N00012656,2002
N00001093,2002
N00002147,2002
N00004291,2002
N00001813,2002
N00003062,2002
N00005681,2002
N00006425,2002
N00002877,2002
N00000652,2002
N00009920,2002
N00006897,2002
N00001510,2002
N00004961,2002
N00003339,2002
N00013770,2002
N00009608,2002
N00006263,2002
N00006586,2002
N00005105,2002
N00001311,2002
N00007833,2002
N00008957,2002
N00009816,2002
N00007815,2002
N00001811,2002
N00004113,2002
N00000480,2002
N00008188,2002
N00009586,2002
N00003844,2002
N00001604,2002
N00002492,2002
N00004118,2002
N00007397,2002
N00002782,2002
N00006060,2002
N00007997,2002
N00003730,2002
N00006473,2002
N00004196,2002
N00013847,2002
N00000397,2002
N00009821,2002
N00006103,2002
N00003254,2002
N00007422,2002
N00005372,2002
N00002383,2002
N00003350,2002
N00005321,2002
N00007256,2002
N00006246,2002
N00003288,2002
N00003136,2002
N00007419,2002
N00006052,2002
N00004572,2002
N00002973,2002
N00002415,2002
N00008144,2002
N00009699,2002
N00000226,2002
N00001489,2002
N00000756,2002
N00001082,2002
N00005731,2002
N00008051,2002
N00006561,2002
N00007681,2002
N00004133,2002
N00001102,2002
N00003813,2002
N00009659,2002
N00003583,2002
N00007690,2002
N00001261,2002
N00003159,2002
N00002061,2002
N00006690,2002
N00005580,2002
N00013744,2002
N00002328,2002
N00005528,2002
N00001861,2002
N00001110,2002
N00001535,2002
N00002807,2002
N00004745,2002
N00002905,2002
N00003467,2002
N00003280,2002
N00006546,2002
N00024809,2002
N00002073,2002
N00007458,2002
N00009824,2002
N00007724,2002
N00001849,2002
N00001817,2002
N00007999,2002
N00007665,2004
N00009825,2004
N00001143,2004
N00003028,2004
N00007653,2004
N00009677,2004
N00009888,2004
N00025464,2004
N00009082,2004
N00009957,2004
N00000469,2004
N00000826,2004
N00007089,2004
N00008091,2004
N00007936,2004
N00005407,2004
N00004367,2004
N00002377,2004
N00013837,2004
N00002017,2004
N00005656,2004
N00000423,2004
N00004643,2004
N00003762,2004
N00025443,2004
N00009774,2004
N00024919,2004
N00006347,2004
N00005331,2004
N00009818,2004
N00008094,2004
N00005455,2004
N00001669,2004
N00004762,2004
N00002982,2004
N00006518,2004
N00025292,2004
N00002674,2004
N00025413,2004
N00003105,2004
N00007727,2004
N00005195,2004
N00001267,2004
N00003675,2004
N00005178,2004
N00005985,2004
N00025330,2004
N00007068,2004
N00013873,2004
N00024866,2004
N00004208,2004
N00002171,2004
N00006692,2004
N00002743,2004
N00025059,2004
N00005883,2004
N00001619,2004
N00005385,2004
N00002713,2004
N00002428,2004
N00003535,2004
N00024777,2004
N00005244,2004
N00003437,2004
N00025219,2004
N00004638,2004
N00025597,2004
N00002221,2004
N00000010,2004
N00027035,2004
N00003924,2004
N00002200,2004
N00007099,2004
N00008086,2004
N00006202,2004
N00006349,2004
N00013131,2004
N00007836,2004
N00009771,2004
N00007232,2004
N00000267,2004
N00001955,2004
N00024874,2004
N00012508,2004
N00009704,2004
N00003758,2004
N00025095,2004
N00025882,2004
N00009775,2004
N00003689,2004
N00009954,2004
N00002685,2004
N00026591,2004
N00012586,2004
N00000133,2004
N00012460,2004
N00000019,2004
N00002408,2004
N00002247,2004
N00003328,2004
N00025726,2004
N00013870,2004
N00002556,2004
N00000491,2004
N00004613,2004
N00004029,2004
N00003132,2004
N00024852,2004
N00009945,2004
N00004956,2004
N00007124,2004
N00002091,2004
N00003042,2004
N00004698,2004
N00006267,2004
N00012739,2004
N00001127,2004
N00006242,2004
N00009738,2004
N00001971,2004
N00007050,2004
N00004583,2004
N00009570,2004
N00004884,2004
N00002926,2004
N00013078,2004
N00003264,2004
N00009604,2004
N00002045,2004
N00013291,2004
N00002610,2004
N00007781,2004
N00006134,2004
N00000280,2004
N00000615,2004
N00005892,2004
N00002472,2004
N00002839,2004
N00003709,2004
N00002872,2004
N00025337,2004
N00007918,2004
N00001783,2004
N00000581,2004
N00006023,2004
N00008071,2004
N00006515,2004
N00007251,2004
N00007556,2004
N00004615,2004
N00001373,2004
N00006932,2004
N00003209,2004
N00007823,2004
N00004981,2004
N00005794,2004
N00002283,2004
N00004166,2004
N00024813,2004
N00005090,2004
N00001003,2004
N00001427,2004
N00006619,2004
N00006249,2004
N00007335,2004
N00002269,2004
N00004912,2004
N00003083,2004
N00007632,2004
N00007312,2004
N00001746,2004
N00024851,2004
N00000036,2004
N00007364,2004
N00000766,2004
N00007033,2004
N00004690,2004
N00009573,2004
N00002898,2004
N00013799,2004
N00003218,2004
N00000983,2004
N00000275,2004
N00006423,2004
N00000684,2004
N00003147,2004
N00005677,2004
N00007231,2004
N00000743,2004
N00005037,2004
N00025025,2004
N00006652,2004
N00002012,2004
N00003660,2004
N00024760,2004
N00005960,2004
N00002167,2004
N00009154,2004
N00003126,2004
N00002960,2004
N00002742,2004
N00009975,2004
N00008799,2004
N00001758,2004
N00013323,2004
N00005870,2004
N00004391,2004
N00001519,2004
N00000444,2004
N00025284,2004
N00004874,2004
N00004527,2004
N00005301,2004
N00005645,2004
N00004207,2004
N00006750,2004
N00024882,2004
N00009715,2004
N00004781,2004
N00002884,2004
N00009157,2004
N00009869,2004
N00002315,2004
N00006455,2004
N00000048,2004
N00024922,2004
N00007584,2004
N00024773,2004
N00003875,2004
N00001222,2004
N00006008,2004
N00003725,2004
N00001529,2004
N00004155,2004
N00001469,2004
N00002423,2004
N00000860,2004
N00012611,2004
N00007700,2004
N00003897,2004
N00001329,2004
N00001821,2004
N00008032,2004
N00006983,2004
N00005675,2004
N00004702,2004
N00005582,2004
N00001762,2004
N00001725,2004
N00002593,2004
N00013345,2004
N00007017,2004
N00005551,2004
N00005818,2004
N00012457,2004
N00005353,2004
N00000534,2004
N00003202,2004
N00008038,2004
N00008122,2004
N00000561,2004
N00008028,2004
N00010084,2004
N00012890,2004
N00003561,2004
N00002299,2004
N00001509,2004
N00003522,2004
N00009614,2004
N00001020,2004
N00000308,2004
N00009670,2004
N00000360,2004
N00000245,2004
N00004070,2004
N00004005,2004
N00004403,2004
N00001193,2004
N00025237,2004
N00002656,2004
N00012539,2004
N00004330,2004
N00004436,2004
N00004045,2004
N00004309,2004
N00006486,2004
N00003572,2004
N00006406,2004
N00004933,2004
N00005928,2004
N00005395,2004
N00009724,2004
N00007382,2004
N00009759,2004
N00000575,2004
N00004227,2004
N00003545,2004
N00000659,2004
N00004280,2004
N00009918,2004
N00008046,2004
N00001691,2004
N00003950,2004
N00007087,2004
N00002577,2004
N00003476,2004
N00000616,2004
N00008092,2004
N00002599,2004
N00004856,2004
N00000851,2004
N00007479,2004
N00003329,2004
N00001024,2004
N00005559,2004
N00003444,2004
N00001764,2004
N00013855,2004
N00025138,2004
N00000078,2004
N00004905,2004
N00000270,2004
N00009635,2004
N00009753,2004
N00006424,2004
N00001148,2004
N00005119,2004
N00012942,2004
N00003389,2004
N00013808,2004
N00005414,2004
N00009829,2004
N00000179,2004
N00001276,2004
N00006213,2004
N00002356,2004
N00006882,2004
N00001214,2004
N00000205,2004
N00025692,2004
N00001171,2004
N00000699,2004
N00002793,2004
N00024770,2004
N00001945,2004
N00006811,2004
N00025093,2004
N00009795,2004
N00006954,2004
N00007390,2004
N00013846,2004
N00013436,2004
N00002214,2004
N00005233,2004
N00005282,2004
N00002083,2004
N00026050,2004
N00024992,2004
N00007876,2004
N00001408,2004
N00025054,2004
N00002327,2004
N00000939,2004
N00006789,2004
N00000153,2004
N00005329,2004
N00009926,2004
N00008166,2004
N00026043,2004
N00003532,2004
N00005617,2004
N00003392,2004
N00001692,2004
N00002630,2004
N00007248,2004
N00004255,2004
N00001806,2004
N00004394,2004
N00000143,2004
N00005998,2004
N00012970,2004
N00007581,2004
N00009637,2004
N00001074,2004
N00003736,2004
N00000781,2004
N00000751,2004
N00006397,2004
N00005906,2004
N00000716,2004
N00012672,2004
N00007360,2004
N00003765,2004
N00004558,2004
N00001422,2004
N00004426,2004
N00003341,2004
N00001633,2004
N00009719,2004
N00007516,2004
N00008113,2004
N00012560,2004
N00003682,2004
N00002260,2004
N00003504,2004
N00013823,2004
N00009618,2004
N00001290,2004
N00007507,2004
N00002198,2004
N00004484,2004
N00000964,2004
N00000362,2004
N00003651,2004
N00004645,2004
N00009922,2004
N00024931,2004
N00006067,2004
N00001295,2004
N00005285,2004
N00001685,2004
N00009828,2004
N00003473,2004
N00009668,2004
N00024759,2004
N00007151,2004
N00002858,2004
N00009571,2004
N00008619,2004
N00006671,2004
N00008264,2004
N00025482,2004
N00004887,2004
N00004357,2004
N00025280,2004
N00005218,2004
N00004489,2004
N00024870,2004
N00008274,2004
N00000528,2004
N00005724,2004
N00001380,2004
N00001979,2004
N00000834,2004
N00004724,2004
N00009585,2004
N00012656,2004
N00001093,2004
N00002147,2004
N00024871,2004
N00004291,2004
N00001813,2004
N00003062,2004
N00005681,2004
N00006425,2004
N00002877,2004
N00000652,2004
N00009920,2004
N00006897,2004
N00001510,2004
N00004961,2004
N00013770,2004
N00009608,2004
N00006263,2004
N00005105,2004
N00001311,2004
N00007833,2004
N00009816,2004
N00007815,2004
N00001811,2004
N00004113,2004
N00000480,2004
N00008188,2004
N00009586,2004
N00003844,2004
N00001604,2004
N00002492,2004
N00004118,2004
N00007397,2004
N00002782,2004
N00006060,2004
N00007997,2004
N00003730,2004
N00004196,2004
N00013847,2004
N00000397,2004
N00009821,2004
N00005004,2004
N00006103,2004
N00003254,2004
N00007422,2004
N00005372,2004
N00002383,2004
N00003350,2004
N00005321,2004
N00007256,2004
N00006246,2004
N00003288,2004
N00007419,2004
N00006052,2004
N00008144,2004
N00009699,2004
N00000226,2004
N00001489,2004
N00001082,2004
N00005731,2004
N00025175,2004
N00008051,2004
N00006561,2004
N00004133,2004
N00013820,2004
N00001102,2004
N00003813,2004
N00009659,2004
N00003583,2004
N00007690,2004
N00001261,2004
N00003159,2004
N00002061,2004
N00006690,2004
N00013744,2004
N00002328,2004
N00001861,2004
N00001110,2004
N00001535,2004
N00002807,2004
N00004745,2004
N00002905,2004
N00003467,2004
N00003280,2004
N00006546,2004
N00024809,2004
N00002073,2004
N00007458,2004
N00009824,2004
N00007724,2004
N00001849,2004
N00001817,2004
N00007999,2004
N00007665,2006
N00001143,2006
N00003028,2006
N00007653,2006
N00009677,2006
N00009888,2006
N00025464,2006
N00009082,2006
N00009957,2006
N00000469,2006
N00000826,2006
N00007089,2006
N00008091,2006
N00007936,2006
N00005407,2006
N00004367,2006
N00013837,2006
N00026080,2006
N00002017,2006
N00005656,2006
N00000423,2006
N00004643,2006
N00003762,2006
N00024875,2006
N00025443,2006
N00009774,2006
N00006347,2006
N00009818,2006
N00008094,2006
N00005455,2006
N00001669,2006
N00004762,2006
N00006981,2006
N00002982,2006
N00006518,2006
N00025292,2006
N00002674,2006
N00025413,2006
N00003105,2006
N00007727,2006
N00005195,2006
N00001267,2006
N00003675,2006
N00005178,2006
N00005985,2006
N00025330,2006
N00007068,2006
N00013873,2006
N00024866,2006
N00026481,2006
N00004208,2006
N00002171,2006
N00026595,2006
N00006692,2006
N00002743,2006
N00025059,2006
N00005883,2006
N00001619,2006
N00002713,2006
N00002428,2006
N00003535,2006
N00024777,2006
N00005244,2006
N00003437,2006
N00025219,2006
N00004638,2006
N00002221,2006
N00000010,2006
N00027035,2006
N00003924,2006
N00002200,2006
N00007099,2006
N00008086,2006
N00027565,2006
N00006349,2006
N00013131,2006
N00007836,2006
N00009771,2006
N00007232,2006
N00000267,2006
N00001955,2006
N00024874,2006
N00005181,2006
N00012508,2006
N00003758,2006
N00025095,2006
N00025882,2006
N00009775,2006
N00003689,2006
N00009954,2006
N00002685,2006
N00026591,2006
N00012586,2006
N00000133,2006
N00012460,2006
N00026790,2006
N00000019,2006
N00002408,2006
N00002247,2006
N00005601,2006
N00003328,2006
N00025726,2006
N00013870,2006
N00000491,2006
N00026041,2006
N00004613,2006
N00004029,2006
N00003132,2006
N00024852,2006
N00026341,2006
N00004956,2006
N00002091,2006
N00003042,2006
N00006267,2006
N00012739,2006
N00001127,2006
N00006242,2006
N00024978,2006
N00009738,2006
N00001971,2006
N00009570,2006
N00004884,2006
N00024862,2006
N00002926,2006
N00013078,2006
N00003264,2006
N00009604,2006
N00002045,2006
N00013291,2006
N00002610,2006
N00007781,2006
N00006134,2006
N00000280,2006
N00000615,2006
N00002472,2006
N00026171,2006
N00003709,2006
N00002872,2006
N00025337,2006
N00007918,2006
N00001783,2006
N00000581,2006
N00006023,2006
N00008071,2006
N00006515,2006
N00007556,2006
N00004615,2006
N00001373,2006
N00027281,2006
N00006932,2006
N00003209,2006
N00004981,2006
N00005794,2006
N00004166,2006
N00024813,2006
N00005090,2006
N00001003,2006
N00001427,2006
N00006619,2006
N00006249,2006
N00007335,2006
N00002269,2006
N00004912,2006
N00003083,2006
N00007632,2006
N00007312,2006
N00001746,2006
N00024851,2006
N00000036,2006
N00007364,2006
N00000766,2006
N00007033,2006
N00027229,2006
N00009573,2006
N00013799,2006
N00003218,2006
N00026631,2006
N00026264,2006
N00000983,2006
N00026166,2006
N00000275,2006
N00006423,2006
N00000684,2006
N00003147,2006
N00007231,2006
N00000743,2006
N00025025,2006
N00002012,2006
N00003660,2006
N00024760,2006
N00026148,2006
N00005960,2006
N00002167,2006
N00009154,2006
N00003126,2006
N00009975,2006
N00008799,2006
N00001758,2006
N00013323,2006
N00026686,2006
N00005870,2006
N00004391,2006
N00000444,2006
N00025284,2006
N00004874,2006
N00004527,2006
N00005301,2006
N00005645,2006
N00004207,2006
N00006750,2006
N00024882,2006
N00009715,2006
N00004781,2006
N00002884,2006
N00009157,2006
N00009869,2006
N00002315,2006
N00006455,2006
N00000048,2006
N00024922,2006
N00007584,2006
N00024773,2006
N00027060,2006
N00001222,2006
N00006008,2006
N00003725,2006
N00004155,2006
N00001469,2006
N00000860,2006
N00012611,2006
N00007700,2006
N00003897,2006
N00001821,2006
N00008032,2006
N00006983,2006
N00005675,2006
N00004702,2006
N00002460,2006
N00005582,2006
N00001762,2006
N00001725,2006
N00002593,2006
N00013345,2006
N00007017,2006
N00005551,2006
N00005818,2006
N00012457,2006
N00005353,2006
N00000534,2006
N00003202,2006
N00026786,2006
N00008122,2006
N00000561,2006
N00008028,2006
N00010084,2006
N00012890,2006
N00003561,2006
N00002299,2006
N00001509,2006
N00003522,2006
N00009614,2006
N00001020,2006
N00000308,2006
N00009670,2006
N00000360,2006
N00000245,2006
N00004070,2006
N00004005,2006
N00004403,2006
N00001193,2006
N00025237,2006
N00002656,2006
N00012539,2006
N00004436,2006
N00004045,2006
N00004309,2006
N00006486,2006
N00003572,2006
N00026087,2006
N00006406,2006
N00004933,2006
N00005395,2006
N00009724,2006
N00007382,2006
N00009759,2006
N00000575,2006
N00004227,2006
N00003545,2006
N00000659,2006
N00004280,2006
N00009918,2006
N00008046,2006
N00001691,2006
N00003950,2006
N00007087,2006
N00002577,2006
N00003476,2006
N00000616,2006
N00008092,2006
N00002599,2006
N00027239,2006
N00000851,2006
N00007479,2006
N00003329,2006
N00001024,2006
N00005559,2006
N00001764,2006
N00011971,2006
N00013855,2006
N00026425,2006
N00000078,2006
N00004905,2006
N00026710,2006
N00000270,2006
N00009635,2006
N00026748,2006
N00009753,2006
N00027459,2006
N00006424,2006
N00001148,2006
N00026460,2006
N00012942,2006
N00003389,2006
N00013808,2006
N00005414,2006
N00009829,2006
N00000179,2006
N00026627,2006
N00001276,2006
N00002356,2006
N00006882,2006
N00002511,2006
N00001214,2006
N00000205,2006
N00025692,2006
N00001171,2006
N00026840,2006
N00000699,2006
N00002793,2006
N00024770,2006
N00001945,2006
N00006811,2006
N00025093,2006
N00009795,2006
N00006954,2006
N00007390,2006
N00013846,2006
N00002214,2006
N00005233,2006
N00026914,2006
N00005282,2006
N00002083,2006
N00026050,2006
N00024992,2006
N00007876,2006
N00001408,2006
N00025054,2006
N00002327,2006
N00000939,2006
N00006789,2006
N00000153,2006
N00005329,2006
N00009926,2006
N00026043,2006
N00003392,2006
N00001692,2006
N00002630,2006
N00007248,2006
N00004255,2006
N00009638,2006
N00001806,2006
N00004394,2006
N00000143,2006
N00005998,2006
N00012970,2006
N00001074,2006
N00003736,2006
N00000781,2006
N00000751,2006
N00006397,2006
N00005906,2006
N00000716,2006
N00012672,2006
N00007360,2006
N00003765,2006
N00004558,2006
N00001422,2006
N00004426,2006
N00003341,2006
N00001633,2006
N00009719,2006
N00026457,2006
N00007516,2006
N00008113,2006
N00012560,2006
N00002260,2006
N00026160,2006
N00003504,2006
N00013823,2006
N00009618,2006
N00007507,2006
N00002198,2006
N00004484,2006
N00000964,2006
N00000362,2006
N00003651,2006
N00004645,2006
N00026885,2006
N00009922,2006
N00024931,2006
N00006067,2006
N00001295,2006
N00005285,2006
N00001685,2006
N00026314,2006
N00003473,2006
N00009668,2006
N00024759,2006
N00007151,2006
N00002858,2006
N00009571,2006
N00008619,2006
N00006671,2006
N00008264,2006
N00025482,2006
N00004887,2006
N00004357,2006
N00025280,2006
N00005218,2006
N00004489,2006
N00026431,2006
N00026892,2006
N00024870,2006
N00008274,2006
N00000528,2006
N00001380,2006
N00001979,2006
N00000834,2006
N00004724,2006
N00009585,2006
N00027526,2006
N00026106,2006
N00001093,2006
N00001579,2006
N00004128,2006
N00002147,2006
N00024871,2006
N00028489,2006
N00004291,2006
N00001813,2006
N00003062,2006
N00005681,2006
N00006425,2006
N00002877,2006
N00000652,2006
N00009920,2006
N00006897,2006
N00001510,2006
N00004961,2006
N00013770,2006
N00009608,2006
N00006263,2006
N00027523,2006
N00005105,2006
N00001311,2006
N00007833,2006
N00009816,2006
N00007815,2006
N00001811,2006
N00000480,2006
N00008188,2006
N00013869,2006
N00009586,2006
N00003844,2006
N00001604,2006
N00002492,2006
N00004118,2006
N00007397,2006
N00002782,2006
N00007997,2006
N00004196,2006
N00013847,2006
N00000397,2006
N00009821,2006
N00005004,2006
N00006103,2006
N00003254,2006
N00007422,2006
N00002383,2006
N00003350,2006
N00005321,2006
N00007256,2006
N00006246,2006
N00003288,2006
N00007419,2006
N00006052,2006
N00004572,2006
N00008144,2006
N00009699,2006
N00000226,2006
N00001082,2006
N00025175,2006
N00008051,2006
N00006561,2006
N00004133,2006
N00013820,2006
N00001102,2006
N00003813,2006
N00009659,2006
N00003583,2006
N00007690,2006
N00001261,2006
N00003159,2006
N00002061,2006
N00006690,2006
N00013744,2006
N00002328,2006
N00001861,2006
N00001110,2006
N00001535,2006
N00002807,2006
N00004745,2006
N00026163,2006
N00002905,2006
N00003467,2006
N00003280,2006
N00006546,2006
N00024809,2006
N00002073,2006
N00007458,2006
N00009824,2006
N00007724,2006
N00001849,2006
N00001817,2006
N00007999,2006
N00007665,2008
N00001143,2008
N00003028,2008
N00007653,2008
N00009677,2008
N00009888,2008
N00025464,2008
N00009082,2008
N00000469,2008
N00027664,2008
N00000826,2008
N00027890,2008
N00007089,2008
N00027493,2008
N00008091,2008
N00007936,2008
N00004367,2008
N00006236,2008
N00013837,2008
N00026080,2008
N00002017,2008
N00005656,2008
N00004643,2008
N00003762,2008
N00024875,2008
N00009774,2008
N00006347,2008
N00009818,2008
N00008094,2008
N00005455,2008
N00001669,2008
N00004762,2008
N00006981,2008
N00027462,2008
N00006518,2008
N00025292,2008
N00002674,2008
N00025413,2008
N00003105,2008
N00007727,2008
N00005195,2008
N00003675,2008
N00005178,2008
N00025330,2008
N00007068,2008
N00013873,2008
N00024866,2008
N00026481,2008
N00004208,2008
N00002171,2008
N00026595,2008
N00006692,2008
N00002743,2008
N00026434,2008
N00005883,2008
N00001619,2008
N00027464,2008
N00028986,2008
N00002713,2008
N00002428,2008
N00003535,2008
N00024777,2008
N00005244,2008
N00027626,2008
N00003437,2008
N00025219,2008
N00002221,2008
N00000010,2008
N00027035,2008
N00003924,2008
N00002200,2008
N00007099,2008
N00008086,2008
N00027565,2008
N00006349,2008
N00013131,2008
N00007836,2008
N00009771,2008
N00007232,2008
N00000267,2008
N00001955,2008
N00024874,2008
N00005181,2008
N00027703,2008
N00012508,2008
N00029513,2008
N00025095,2008
N00027503,2008
N00009775,2008
N00027514,2008
N00029680,2008
N00003689,2008
N00002685,2008
N00026591,2008
N00029692,2008
N00000133,2008
N00026961,2008
N00012460,2008
N00026790,2008
N00000019,2008
N00002408,2008
N00002247,2008
N00005601,2008
N00003328,2008
N00003225,2008
N00025726,2008
N00013870,2008
N00000491,2008
N00026041,2008
N00004613,2008
N00004029,2008
N00003132,2008
N00027441,2008
N00024852,2008
N00026341,2008
N00004956,2008
N00024842,2008
N00002091,2008
N00003042,2008
N00006267,2008
N00012739,2008
N00001127,2008
N00006242,2008
N00024978,2008
N00009738,2008
N00001971,2008
N00009570,2008
N00004884,2008
N00008758,2008
N00024862,2008
N00003264,2008
N00009604,2008
N00002045,2008
N00002610,2008
N00007781,2008
N00006134,2008
N00000280,2008
N00000615,2008
N00002472,2008
N00026171,2008
N00002872,2008
N00025337,2008
N00007918,2008
N00001783,2008
N00000581,2008
N00006023,2008
N00008071,2008
N00006515,2008
N00026586,2008
N00007556,2008
N00004615,2008
N00001373,2008
N00027281,2008
N00006932,2008
N00003209,2008
N00004981,2008
N00005794,2008
N00028249,2008
N00004166,2008
N00028257,2008
N00027575,2008
N00005090,2008
N00001003,2008
N00001427,2008
N00006619,2008
N00006249,2008
N00007335,2008
N00002269,2008
N00003083,2008
N00007632,2008
N00027781,2008
N00007312,2008
N00001746,2008
N00024851,2008
N00000036,2008
N00007364,2008
N00000766,2008
N00007033,2008
N00009573,2008
N00013799,2008
N00026631,2008
N00000983,2008
N00029139,2008
N00026166,2008
N00000275,2008
N00006423,2008
N00000684,2008
N00007231,2008
N00000743,2008
N00025025,2008
N00027829,2008
N00002012,2008
N00027658,2008
N00024760,2008
N00026148,2008
N00005960,2008
N00002167,2008
N00009154,2008
N00003126,2008
N00009975,2008
N00008799,2008
N00001758,2008
N00013323,2008
N00026686,2008
N00005870,2008
N00000444,2008
N00025284,2008
N00004874,2008
N00005301,2008
N00027888,2008
N00005645,2008
N00028234,2008
N00004207,2008
N00006750,2008
N00002884,2008
N00009157,2008
N00009869,2008
N00002315,2008
N00027522,2008
N00024922,2008
N00007584,2008
N00024773,2008
N00027060,2008
N00003875,2008
N00001222,2008
N00006008,2008
N00028139,2008
N00003725,2008
N00027048,2008
N00004155,2008
N00001469,2008
N00000860,2008
N00012611,2008
N00007700,2008
N00001821,2008
N00008032,2008
N00006983,2008
N00005675,2008
N00002460,2008
N00005582,2008
N00001762,2008
N00001725,2008
N00002593,2008
N00013345,2008
N00007017,2008
N00005818,2008
N00012457,2008
N00005353,2008
N00008122,2008
N00027848,2008
N00008028,2008
N00010084,2008
N00012890,2008
N00002299,2008
N00027894,2008
N00027618,2008
N00001509,2008
N00003522,2008
N00009614,2008
N00000308,2008
N00000360,2008
N00000245,2008
N00004070,2008
N00004005,2008
N00004403,2008
N00001193,2008
N00025237,2008
N00002656,2008
N00012539,2008
N00027515,2008
N00004436,2008
N00027500,2008
N00004045,2008
N00004309,2008
N00003572,2008
N00026087,2008
N00006406,2008
N00004933,2008
N00028133,2008
N00005928,2008
N00005395,2008
N00009724,2008
N00009759,2008
N00000575,2008
N00004227,2008
N00003545,2008
N00012233,2008
N00000659,2008
N00009918,2008
N00008046,2008
N00001691,2008
N00003950,2008
N00007087,2008
N00002577,2008
N00003476,2008
N00000616,2008
N00008092,2008
N00002599,2008
N00027239,2008
N00000851,2008
N00027741,2008
N00007479,2008
N00001024,2008
N00005559,2008
N00001764,2008
N00011971,2008
N00013855,2008
N00026425,2008
N00027804,2008
N00000078,2008
N00004905,2008
N00026710,2008
N00000270,2008
N00009635,2008
N00026748,2008
N00009753,2008
N00027459,2008
N00006424,2008
N00001148,2008
N00028152,2008
N00027694,2008
N00026460,2008
N00012942,2008
N00003389,2008
N00013808,2008
N00005414,2008
N00009829,2008
N00000179,2008
N00026627,2008
N00001276,2008
N00002356,2008
N00006882,2008
N00026926,2008
N00001214,2008
N00025692,2008
N00001171,2008
N00026840,2008
N00000699,2008
N00002793,2008
N00024770,2008
N00001945,2008
N00025093,2008
N00009795,2008
N00006954,2008
N00007390,2008
N00013846,2008
N00028162,2008
N00002214,2008
N00005233,2008
N00026914,2008
N00005282,2008
N00002083,2008
N00026050,2008
N00027566,2008
N00027594,2008
N00024992,2008
N00007876,2008
N00001408,2008
N00025054,2008
N00002327,2008
N00000939,2008
N00006789,2008
N00000153,2008
N00005329,2008
N00009926,2008
N00026043,2008
N00001692,2008
N00007248,2008
N00009638,2008
N00001806,2008
N00004394,2008
N00000143,2008
N00005998,2008
N00000781,2008
N00000751,2008
N00006397,2008
N00005906,2008
N00000716,2008
N00012672,2008
N00007360,2008
N00003765,2008
N00027510,2008
N00004558,2008
N00001422,2008
N00004426,2008
N00003341,2008
N00001633,2008
N00009719,2008
N00026457,2008
N00008113,2008
N00012560,2008
N00002260,2008
N00026160,2008
N00003504,2008
N00013823,2008
N00009618,2008
N00007507,2008
N00002198,2008
N00004484,2008
N00000964,2008
N00000362,2008
N00003651,2008
N00004645,2008
N00026885,2008
N00009922,2008
N00024931,2008
N00006067,2008
N00001295,2008
N00029112,2008
N00005285,2008
N00001685,2008
N00026314,2008
N00009828,2008
N00003473,2008
N00009668,2008
N00024759,2008
N00007151,2008
N00002858,2008
N00004719,2008
N00009571,2008
N00008619,2008
N00006671,2008
N00008264,2008
N00025482,2008
N00004887,2008
N00004357,2008
N00025280,2008
N00026431,2008
N00026892,2008
N00027644,2008
N00024870,2008
N00008274,2008
N00000528,2008
N00027751,2008
N00000834,2008
N00009660,2008
N00004724,2008
N00009585,2008
N00027526,2008
N00026106,2008
N00001093,2008
N00001579,2008
N00002147,2008
N00024871,2008
N00004291,2008
N00001813,2008
N00003062,2008
N00005681,2008
N00028049,2008
N00006425,2008
N00000652,2008
N00028091,2008
N00009920,2008
N00006897,2008
N00004961,2008
N00027655,2008
N00013770,2008
N00006263,2008
N00027523,2008
N00005105,2008
N00001311,2008
N00007833,2008
N00027623,2008
N00009816,2008
N00007815,2008
N00001811,2008
N00000480,2008
N00008188,2008
N00009586,2008
N00003844,2008
N00027902,2008
N00001604,2008
N00029649,2008
N00002492,2008
N00004118,2008
N00007397,2008
N00002782,2008
N00007997,2008
N00004196,2008
N00013847,2008
N00000397,2008
N00027901,2008
N00006103,2008
N00003254,2008
N00007422,2008
N00003350,2008
N00005321,2008
N00027605,2008
N00003288,2008
N00007419,2008
N00006052,2008
N00004572,2008
N00008144,2008
N00009699,2008
N00000226,2008
N00001082,2008
N00029026,2008
N00025175,2008
N00008051,2008
N00006561,2008
N00004133,2008
N00013820,2008
N00001102,2008
N00003813,2008
N00009659,2008
N00003583,2008
N00026368,2008
N00007690,2008
N00001261,2008
N00027467,2008
N00003159,2008
N00002061,2008
N00006690,2008
N00013744,2008
N00002328,2008
N00001861,2008
N00028058,2008
N00001110,2008
N00000515,2008
N00002807,2008
N00004745,2008
N00026163,2008
N00002905,2008
N00027533,2008
N00003467,2008
N00003280,2008
N00003528,2008
N00006546,2008
N00024809,2008
N00029459,2008
N00002073,2008
N00007458,2008
N00009824,2008
N00007724,2008
N00028073,2008
N00001817,2008
N00007999,2008
N00001143,2010
N00003028,2010
N00000812,2010
N00007653,2010
N00009677,2010
N00009888,2010
N00025464,2010
N00027664,2010
N00000826,2010
N00027890,2010
N00029412,2010
N00007089,2010
N00027493,2010
N00008091,2010
N00007936,2010
N00004367,2010
N00006236,2010
N00013837,2010
N00026080,2010
N00002017,2010
N00005656,2010
N00004643,2010
N00003762,2010
N00024875,2010
N00009774,2010
N00029901,2010
N00030608,2010
N00006347,2010
N00009818,2010
N00008094,2010
N00005455,2010
N00001669,2010
N00004762,2010
N00006981,2010
N00027462,2010
N00006518,2010
N00025292,2010
N00002674,2010
N00025413,2010
N00003105,2010
N00007727,2010
N00005195,2010
N00029161,2010
N00003675,2010
N00005178,2010
N00025330,2010
N00007068,2010
N00013873,2010
N00024866,2010
N00026481,2010
N00004208,2010
N00002171,2010
N00026595,2010
N00006692,2010
N00002743,2010
N00005883,2010
N00001619,2010
N00027464,2010
N00029838,2010
N00028986,2010
N00002713,2010
N00002428,2010
N00031174,2010
N00003535,2010
N00024777,2010
N00005244,2010
N00027626,2010
N00003437,2010
N00025219,2010
N00002221,2010
N00015389,2010
N00000010,2010
N00027035,2010
N00003924,2010
N00007099,2010
N00008086,2010
N00027565,2010
N00013131,2010
N00007836,2010
N00030339,2010
N00009771,2010
N00007232,2010
N00000267,2010
N00001955,2010
N00024874,2010
N00005181,2010
N00027703,2010
N00012508,2010
N00029513,2010
N00025095,2010
N00027503,2010
N00030245,2010
N00009775,2010
N00027514,2010
N00028958,2010
N00002685,2010
N00026591,2010
N00029692,2010
N00000133,2010
N00030600,2010
N00026961,2010
N00012460,2010
N00026790,2010
N00002408,2010
N00002247,2010
N00005601,2010
N00003328,2010
N00024753,2010
N00003225,2010
N00025726,2010
N00000491,2010
N00026041,2010
N00029891,2010
N00004613,2010
N00004029,2010
N00031820,2010
N00003132,2010
N00027441,2010
N00024852,2010
N00026341,2010
N00004956,2010
N00024842,2010
N00006267,2010
N00012739,2010
N00032014,2010
N00001127,2010
N00024978,2010
N00009738,2010
N00001971,2010
N00029414,2010
N00009570,2010
N00004884,2010
N00024862,2010
N00003264,2010
N00009604,2010
N00007781,2010
N00006134,2010
N00000280,2010
N00000615,2010
N00002472,2010
N00026171,2010
N00031317,2010
N00002872,2010
N00025337,2010
N00007918,2010
N00001783,2010
N00029460,2010
N00000581,2010
N00006023,2010
N00026586,2010
N00004615,2010
N00001373,2010
N00006932,2010
N00029211,2010
N00003209,2010
N00004981,2010
N00005794,2010
N00028249,2010
N00004166,2010
N00028257,2010
N00027575,2010
N00005090,2010
N00001003,2010
N00006619,2010
N00006249,2010
N00007335,2010
N00002269,2010
N00007632,2010
N00007312,2010
N00001746,2010
N00000036,2010
N00007364,2010
N00007033,2010
N00009573,2010
N00029679,2010
N00013799,2010
N00026631,2010
N00029139,2010
N00026166,2010
N00000275,2010
N00029016,2010
N00006423,2010
N00000684,2010
N00030490,2010
N00007231,2010
N00030856,2010
N00000743,2010
N00025025,2010
N00027829,2010
N00027658,2010
N00024760,2010
N00026148,2010
N00005960,2010
N00009154,2010
N00032762,2010
N00003126,2010
N00009975,2010
N00008799,2010
N00001758,2010
N00013323,2010
N00030788,2010
N00028418,2010
N00026686,2010
N00005870,2010
N00000444,2010
N00029917,2010
N00025284,2010
N00029675,2010
N00004874,2010
N00029617,2010
N00027888,2010
N00005645,2010
N00029377,2010
N00028234,2010
N00004207,2010
N00006750,2010
N00029632,2010
N00002884,2010
N00009157,2010
N00009869,2010
N00029835,2010
N00027522,2010
N00024922,2010
N00007584,2010
N00024773,2010
N00027060,2010
N00003875,2010
N00029070,2010
N00001222,2010
N00006008,2010
N00028139,2010
N00027048,2010
N00004155,2010
N00001469,2010
N00000860,2010
N00012611,2010
N00001821,2010
N00029258,2010
N00005675,2010
N00002460,2010
N00005582,2010
N00001762,2010
N00001725,2010
N00002593,2010
N00013345,2010
N00007017,2010
N00005818,2010
N00012457,2010
N00029077,2010
N00029444,2010
N00008122,2010
N00027848,2010
N00008028,2010
N00010084,2010
N00012890,2010
N00002299,2010
N00027894,2010
N00027618,2010
N00001509,2010
N00003522,2010
N00030767,2010
N00000360,2010
N00000245,2010
N00004070,2010
N00004005,2010
N00027778,2010
N00004403,2010
N00001193,2010
N00025237,2010
N00002656,2010
N00012539,2010
N00029260,2010
N00028859,2010
N00027515,2010
N00004436,2010
N00027500,2010
N00004309,2010
N00029370,2010
N00029146,2010
N00003572,2010
N00006406,2010
N00028133,2010
N00000898,2010
N00005395,2010
N00009724,2010
N00009759,2010
N00000575,2010
N00004227,2010
N00003545,2010
N00012233,2010
N00000659,2010
N00009918,2010
N00008046,2010
N00030198,2010
N00031304,2010
N00001691,2010
N00003950,2010
N00007087,2010
N00002577,2010
N00000616,2010
N00008092,2010
N00002599,2010
N00027239,2010
N00000851,2010
N00027741,2010
N00007479,2010
N00001024,2010
N00005559,2010
N00030026,2010
N00001764,2010
N00029562,2010
N00029788,2010
N00011971,2010
N00013855,2010
N00026425,2010
N00027891,2010
N00000078,2010
N00032838,2010
N00004905,2010
N00026710,2010
N00029128,2010
N00000270,2010
N00009635,2010
N00009753,2010
N00027459,2010
N00006424,2010
N00001148,2010
N00028152,2010
N00027694,2010
N00026460,2010
N00006863,2010
N00012942,2010
N00003389,2010
N00013808,2010
N00009829,2010
N00000179,2010
N00026627,2010
N00002356,2010
N00006882,2010
N00030267,2010
N00026926,2010
N00025692,2010
N00001171,2010
N00026840,2010
N00000699,2010
N00029303,2010
N00002793,2010
N00024770,2010
N00001945,2010
N00025093,2010
N00009795,2010
N00006954,2010
N00007390,2010
N00013846,2010
N00006288,2010
N00028162,2010
N00002214,2010
N00005233,2010
N00026914,2010
N00005282,2010
N00002083,2010
N00026050,2010
N00027566,2010
N00027594,2010
N00030682,2010
N00024992,2010
N00007876,2010
N00002327,2010
N00000939,2010
N00006789,2010
N00000153,2010
N00005329,2010
N00009926,2010
N00026043,2010
N00001692,2010
N00007248,2010
N00029784,2010
N00001806,2010
N00004394,2010
N00029285,2010
N00000143,2010
N00005998,2010
N00031011,2010
N00000781,2010
N00000751,2010
N00006397,2010
N00005906,2010
N00029391,2010
N00000716,2010
N00007360,2010
N00003765,2010
N00027510,2010
N00029339,2010
N00029277,2010
N00004558,2010
N00004426,2010
N00029168,2010
N00013817,2010
N00001633,2010
N00009719,2010
N00026457,2010
N00029127,2010
N00008113,2010
N00029662,2010
N00002260,2010
N00026160,2010
N00013823,2010
N00009618,2010
N00030581,2010
N00007507,2010
N00002198,2010
N00000964,2010
N00000362,2010
N00030949,2010
N00004645,2010
N00026885,2010
N00009922,2010
N00006067,2010
N00029112,2010
N00029441,2010
N00005285,2010
N00001685,2010
N00026314,2010
N00009828,2010
N00028463,2010
N00003473,2010
N00009668,2010
N00024759,2010
N00007151,2010
N00029018,2010
N00002858,2010
N00004719,2010
N00009571,2010
N00008619,2010
N00006671,2010
N00008264,2010
N00025482,2010
N00004887,2010
N00004357,2010
N00025280,2010
N00026431,2010
N00024870,2010
N00008274,2010
N00000528,2010
N00027751,2010
N00009660,2010
N00004724,2010
N00029327,2010
N00009585,2010
N00027526,2010
N00029273,2010
N00030071,2010
N00026106,2010
N00001093,2010
N00001579,2010
N00002147,2010
N00024871,2010
N00004291,2010
N00001813,2010
N00003062,2010
N00005681,2010
N00028049,2010
N00006425,2010
N00024790,2010
N00028091,2010
N00009920,2010
N00006897,2010
N00004961,2010
N00027655,2010
N00013770,2010
N00006263,2010
N00027523,2010
N00005105,2010
N00001311,2010
N00007833,2010
N00027623,2010
N00009816,2010
N00001811,2010
N00000480,2010
N00008188,2010
N00027902,2010
N00001604,2010
N00029649,2010
N00002492,2010
N00004118,2010
N00007397,2010
N00002782,2010
N00004196,2010
N00030891,2010
N00013847,2010
N00027901,2010
N00003254,2010
N00003350,2010
N00029556,2010
N00005321,2010
N00027605,2010
N00003288,2010
N00029736,2010
N00007419,2010
N00006052,2010
N00004572,2010
N00008144,2010
N00009699,2010
N00000226,2010
N00030191,2010
N00030196,2010
N00001082,2010
N00029026,2010
N00025175,2010
N00008051,2010
N00006561,2010
N00004133,2010
N00013820,2010
N00001102,2010
N00003813,2010
N00009659,2010
N00003583,2010
N00007690,2010
N00027467,2010
N00003159,2010
N00002097,2010
N00006690,2010
N00013744,2010
N00002328,2010
N00001861,2010
N00028058,2010
N00001110,2010
N00000515,2010
N00026163,2010
N00027533,2010
N00003467,2010
N00003280,2010
N00003528,2010
N00024809,2010
N00029459,2010
N00002073,2010
N00007458,2010
N00009824,2010
N00007724,2010
N00028073,2010
N00001817,2010
N00007999,2010
N00001143,2012
N00030926,2012
N00003028,2012
N00007653,2012
N00009677,2012
N00009888,2012
N00025464,2012
N00027664,2012
N00031938,2012
N00031177,2012
N00000826,2012
N00029412,2012
N00030980,2012
N00007089,2012
N00027493,2012
N00008091,2012
N00004367,2012
N00033981,2012
N00025495,2012
N00006236,2012
N00026080,2012
N00002017,2012
N00005656,2012
N00000423,2012
N00031877,2012
N00004643,2012
N00009774,2012
N00029901,2012
N00031934,2012
N00030608,2012
N00031629,2012
N00009818,2012
N00008094,2012
N00031559,2012
N00004762,2012
N00006981,2012
N00027462,2012
N00006518,2012
N00025292,2012
N00002674,2012
N00025413,2012
N00031539,2012
N00003105,2012
N00007727,2012
N00031685,2012
N00005195,2012
N00003675,2012
N00033474,2012
N00025330,2012
N00007068,2012
N00013873,2012
N00024866,2012
N00026481,2012
N00004208,2012
N00026595,2012
N00006692,2012
N00005883,2012
N00001619,2012
N00027464,2012
N00030910,2012
N00028986,2012
N00002713,2012
N00031174,2012
N00003535,2012
N00027626,2012
N00031227,2012
N00031640,2012
N00025219,2012
N00002221,2012
N00000010,2012
N00027035,2012
N00007099,2012
N00008086,2012
N00027565,2012
N00026722,2012
N00013131,2012
N00007836,2012
N00009771,2012
N00007232,2012
N00000267,2012
N00001955,2012
N00005181,2012
N00030736,2012
N00012508,2012
N00029513,2012
N00025095,2012
N00027503,2012
N00030245,2012
N00027514,2012
N00003689,2012
N00028958,2012
N00002685,2012
N00026591,2012
N00000133,2012
N00030600,2012
N00032019,2012
N00031945,2012
N00026961,2012
N00012460,2012
N00026790,2012
N00002408,2012
N00003845,2012
N00002247,2012
N00005601,2012
N00003328,2012
N00024753,2012
N00003225,2012
N00025726,2012
N00000491,2012
N00026041,2012
N00029891,2012
N00004613,2012
N00004029,2012
N00031820,2012
N00003132,2012
N00027441,2012
N00024852,2012
N00026341,2012
N00004956,2012
N00024842,2012
N00006267,2012
N00031623,2012
N00030770,2012
N00012739,2012
N00032014,2012
N00001127,2012
N00024978,2012
N00009738,2012
N00001971,2012
N00034982,2012
N00004884,2012
N00009604,2012
N00007781,2012
N00006134,2012
N00000615,2012
N00030693,2012
N00031593,2012
N00026171,2012
N00030957,2012
N00031317,2012
N00025337,2012
N00007918,2012
N00001783,2012
N00006023,2012
N00031103,2012
N00026586,2012
N00001373,2012
N00006932,2012
N00030967,2012
N00030752,2012
N00003209,2012
N00004981,2012
N00028249,2012
N00028257,2012
N00031513,2012
N00005090,2012
N00001003,2012
N00006249,2012
N00007335,2012
N00007632,2012
N00031672,2012
N00007312,2012
N00001746,2012
N00007364,2012
N00007033,2012
N00031141,2012
N00027229,2012
N00009573,2012
N00030815,2012
N00029679,2012
N00031545,2012
N00013799,2012
N00026631,2012
N00026166,2012
N00000275,2012
N00029016,2012
N00006423,2012
N00000684,2012
N00030490,2012
N00007231,2012
N00030856,2012
N00030780,2012
N00000743,2012
N00025025,2012
N00031128,2012
N00031998,2012
N00027658,2012
N00024760,2012
N00026148,2012
N00005960,2012
N00009154,2012
N00030771,2012
N00030880,2012
N00009975,2012
N00008799,2012
N00001758,2012
N00013323,2012
N00030788,2012
N00026686,2012
N00005870,2012
N00031297,2012
N00032029,2012
N00025284,2012
N00031401,2012
N00030801,2012
N00029675,2012
N00004874,2012
N00029617,2012
N00006806,2012
N00005645,2012
N00025881,2012
N00030197,2012
N00004207,2012
N00029632,2012
N00029147,2012
N00031005,2012
N00002884,2012
N00009157,2012
N00009869,2012
N00031124,2012
N00031244,2012
N00029835,2012
N00027522,2012
N00024922,2012
N00007584,2012
N00027060,2012
N00029070,2012
N00001222,2012
N00006008,2012
N00028139,2012
N00033055,2012
N00031688,2012
N00001469,2012
N00000860,2012
N00012611,2012
N00001821,2012
N00027649,2012
N00030673,2012
N00031104,2012
N00029258,2012
N00031265,2012
N00005675,2012
N00005582,2012
N00002593,2012
N00013345,2012
N00007017,2012
N00005818,2012
N00029077,2012
N00029444,2012
N00032088,2012
N00008122,2012
N00027848,2012
N00032546,2012
N00008028,2012
N00010084,2012
N00012890,2012
N00002299,2012
N00027894,2012
N00003522,2012
N00031933,2012
N00031647,2012
N00000245,2012
N00004070,2012
N00004403,2012
N00001193,2012
N00025237,2012
N00002656,2012
N00030667,2012
N00012539,2012
N00028859,2012
N00004436,2012
N00027500,2012
N00004309,2012
N00003572,2012
N00006406,2012
N00031377,2012
N00028133,2012
N00000898,2012
N00005395,2012
N00031503,2012
N00009724,2012
N00031129,2012
N00009759,2012
N00000575,2012
N00004227,2012
N00003545,2012
N00012233,2012
N00000659,2012
N00009918,2012
N00008046,2012
N00031696,2012
N00001691,2012
N00003950,2012
N00007087,2012
N00002577,2012
N00000616,2012
N00027239,2012
N00000851,2012
N00027741,2012
N00007479,2012
N00030676,2012
N00001024,2012
N00005559,2012
N00030026,2012
N00001764,2012
N00029562,2012
N00029788,2012
N00011971,2012
N00013855,2012
N00026425,2012
N00000078,2012
N00032838,2012
N00004905,2012
N00026710,2012
N00031777,2012
N00000270,2012
N00034041,2012
N00009753,2012
N00027459,2012
N00006424,2012
N00001148,2012
N00028152,2012
N00027694,2012
N00026460,2012
N00006863,2012
N00012942,2012
N00003389,2012
N00009829,2012
N00000179,2012
N00026627,2012
N00002356,2012
N00006882,2012
N00031681,2012
N00026926,2012
N00031134,2012
N00001171,2012
N00000699,2012
N00029303,2012
N00002793,2012
N00024770,2012
N00001945,2012
N00025093,2012
N00009795,2012
N00006954,2012
N00007390,2012
N00013846,2012
N00026914,2012
N00005282,2012
N00002083,2012
N00031412,2012
N00026050,2012
N00027566,2012
N00024992,2012
N00007876,2012
N00002327,2012
N00000939,2012
N00006789,2012
N00000153,2012
N00005329,2012
N00009926,2012
N00026043,2012
N00032022,2012
N00001692,2012
N00032441,2012
N00007248,2012
N00031006,2012
N00029285,2012
N00000143,2012
N00031011,2012
N00031958,2012
N00000781,2012
N00000751,2012
N00006397,2012
N00030836,2012
N00005906,2012
N00029391,2012
N00034639,2012
N00012672,2012
N00007360,2012
N00027510,2012
N00029277,2012
N00004558,2012
N00004426,2012
N00029168,2012
N00013817,2012
N00001633,2012
N00009719,2012
N00026457,2012
N00029127,2012
N00030744,2012
N00003682,2012
N00029662,2012
N00002260,2012
N00026160,2012
N00013823,2012
N00031723,2012
N00030581,2012
N00002198,2012
N00000964,2012
N00000362,2012
N00030949,2012
N00004645,2012
N00026885,2012
N00009922,2012
N00031127,2012
N00006067,2012
N00030968,2012
N00029112,2012
N00030184,2012
N00030962,2012
N00029441,2012
N00031887,2012
N00005285,2012
N00030768,2012
N00001685,2012
N00026314,2012
N00028463,2012
N00003473,2012
N00009668,2012
N00024759,2012
N00007151,2012
N00031741,2012
N00029018,2012
N00002858,2012
N00004719,2012
N00030645,2012
N00009571,2012
N00008619,2012
N00006671,2012
N00008264,2012
N00030612,2012
N00031988,2012
N00025482,2012
N00004887,2012
N00004357,2012
N00025280,2012
N00024870,2012
N00008274,2012
N00000528,2012
N00027751,2012
N00009660,2012
N00004724,2012
N00009585,2012
N00030668,2012
N00027526,2012
N00029273,2012
N00030071,2012
N00026106,2012
N00001093,2012
N00001579,2012
N00006460,2012
N00032457,2012
N00002147,2012
N00024871,2012
N00031782,2012
N00004291,2012
N00001813,2012
N00003062,2012
N00005681,2012
N00030622,2012
N00024790,2012
N00009920,2012
N00006897,2012
N00004961,2012
N00027655,2012
N00013770,2012
N00006263,2012
N00027523,2012
N00001311,2012
N00007833,2012
N00027623,2012
N00009816,2012
N00001811,2012
N00000480,2012
N00031204,2012
N00029649,2012
N00004118,2012
N00007397,2012
N00002782,2012
N00029574,2012
N00030891,2012
N00013847,2012
N00027901,2012
N00005321,2012
N00027605,2012
N00003288,2012
N00029736,2012
N00007419,2012
N00006052,2012
N00004572,2012
N00009699,2012
N00000226,2012
N00027509,2012
N00030196,2012
N00001489,2012
N00001082,2012
N00029026,2012
N00025175,2012
N00032601,2012
N00008051,2012
N00006561,2012
N00004133,2012
N00013820,2012
N00001102,2012
N00003813,2012
N00009659,2012
N00026368,2012
N00007690,2012
N00004723,2012
N00027467,2012
N00002097,2012
N00006690,2012
N00002328,2012
N00001861,2012
N00028058,2012
N00026335,2012
N00000515,2012
N00029131,2012
N00026163,2012
N00027533,2012
N00003467,2012
N00003280,2012
N00030650,2012
N00024809,2012
N00029459,2012
N00002073,2012
N00031857,2012
N00032416,2012
N00007458,2012
N00007724,2012
N00028073,2012
N00031502,2012
N00001817,2012
N00007999,2012
N00030670,2012
N00035451,2014
N00003028,2014
N00009888,2014
N00031938,2014
N00031177,2014
N00030980,2014
N00027493,2014
N00008091,2014
N00004367,2014
N00033981,2014
N00025495,2014
N00031233,2014
N00006236,2014
N00026080,2014
N00005656,2014
N00031877,2014
N00033904,2014
N00009774,2014
N00029901,2014
N00031934,2014
N00030608,2014
N00033625,2014
N00030717,2014
N00031559,2014
N00027462,2014
N00025292,2014
N00002674,2014
N00025413,2014
N00031539,2014
N00003105,2014
N00007727,2014
N00031685,2014
N00005195,2014
N00003675,2014
N00033474,2014
N00035267,2014
N00013873,2014
N00024866,2014
N00026595,2014
N00006692,2014
N00005883,2014
N00001619,2014
N00027464,2014
N00036013,2014
N00033532,2014
N00030910,2014
N00033495,2014
N00028986,2014
N00002713,2014
N00003535,2014
N00034254,2014
N00027626,2014
N00031227,2014
N00025219,2014
N00002221,2014
N00033390,2014
N00027035,2014
N00035380,2014
N00007099,2014
N00008086,2014
N00027565,2014
N00013131,2014
N00007836,2014
N00009771,2014
N00007232,2014
N00000267,2014
N00033373,2014
N00001955,2014
N00030736,2014
N00012508,2014
N00029513,2014
N00025095,2014
N00034128,2014
N00027503,2014
N00030245,2014
N00027514,2014
N00033316,2014
N00003689,2014
N00028958,2014
N00002685,2014
N00000133,2014
N00030600,2014
N00032019,2014
N00035278,2014
N00026961,2014
N00035854,2014
N00012460,2014
N00026790,2014
N00002408,2014
N00003845,2014
N00002247,2014
N00005601,2014
N00003328,2014
N00024753,2014
N00003225,2014
N00025726,2014
N00001285,2014
N00033518,2014
N00000491,2014
N00026041,2014
N00029891,2014
N00004029,2014
N00034224,2014
N00031820,2014
N00003132,2014
N00027441,2014
N00024852,2014
N00026341,2014
N00033363,2014
N00024842,2014
N00004614,2014
N00006267,2014
N00030770,2014
N00012739,2014
N00001127,2014
N00033085,2014
N00024978,2014
N00009738,2014
N00001971,2014
N00033054,2014
N00004884,2014
N00034784,2014
N00009604,2014
N00007781,2014
N00006134,2014
N00033897,2014
N00000615,2014
N00030693,2014
N00031593,2014
N00026171,2014
N00034746,2014
N00030957,2014
N00031317,2014
N00025337,2014
N00001783,2014
N00006023,2014
N00026586,2014
N00001373,2014
N00027860,2014
N00030967,2014
N00030752,2014
N00003209,2014
N00004981,2014
N00028249,2014
N00028257,2014
N00031513,2014
N00001003,2014
N00034884,2014
N00006249,2014
N00007335,2014
N00033217,2014
N00007632,2014
N00031672,2014
N00007312,2014
N00001746,2014
N00007364,2014
N00031141,2014
N00033443,2014
N00027229,2014
N00009573,2014
N00030815,2014
N00029679,2014
N00031545,2014
N00013799,2014
N00026631,2014
N00029139,2014
N00026166,2014
N00002893,2014
N00029016,2014
N00006423,2014
N00000684,2014
N00030490,2014
N00033281,2014
N00033541,2014
N00030856,2014
N00029908,2014
N00030780,2014
N00000743,2014
N00025025,2014
N00031128,2014
N00031998,2014
N00027658,2014
N00024760,2014
N00026148,2014
N00009154,2014
N00030771,2014
N00030880,2014
N00009975,2014
N00008799,2014
N00001758,2014
N00013323,2014
N00030788,2014
N00028418,2014
N00026686,2014
N00005870,2014
N00031297,2014
N00032029,2014
N00025284,2014
N00031401,2014
N00029400,2014
N00029675,2014
N00004874,2014
N00029617,2014
N00006806,2014
N00005645,2014
N00025881,2014
N00030197,2014
N00004207,2014
N00029632,2014
N00029147,2014
N00031005,2014
N00002884,2014
N00009157,2014
N00009869,2014
N00031557,2014
N00031244,2014
N00029835,2014
N00033782,2014
N00027522,2014
N00024922,2014
N00027060,2014
N00029070,2014
N00006008,2014
N00028139,2014
N00031688,2014
N00033399,2014
N00000860,2014
N00012611,2014
N00033638,2014
N00001821,2014
N00033630,2014
N00027649,2014
N00033030,2014
N00030673,2014
N00031104,2014
N00029258,2014
N00031265,2014
N00005582,2014
N00002593,2014
N00013345,2014
N00007017,2014
N00005818,2014
N00033640,2014
N00029077,2014
N00029444,2014
N00032088,2014
N00008122,2014
N00027848,2014
N00032546,2014
N00008028,2014
N00010084,2014
N00035717,2014
N00002299,2014
N00027894,2014
N00035007,2014
N00033177,2014
N00003522,2014
N00031933,2014
N00031647,2014
N00035215,2014
N00034044,2014
N00033395,2014
N00034453,2014
N00004403,2014
N00034580,2014
N00001193,2014
N00025237,2014
N00002656,2014
N00030667,2014
N00012539,2014
N00029260,2014
N00004436,2014
N00027500,2014
N00030875,2014
N00031377,2014
N00033987,2014
N00028133,2014
N00000898,2014
N00005395,2014
N00009724,2014
N00031129,2014
N00009759,2014
N00000575,2014
N00004227,2014
N00012233,2014
N00009918,2014
N00008046,2014
N00031696,2014
N00001691,2014
N00003950,2014
N00002577,2014
N00027239,2014
N00000851,2014
N00027741,2014
N00007479,2014
N00030676,2014
N00033274,2014
N00001024,2014
N00005559,2014
N00030026,2014
N00029562,2014
N00029788,2014
N00013855,2014
N00027891,2014
N00000078,2014
N00034277,2014
N00032838,2014
N00026710,2014
N00031777,2014
N00000270,2014
N00034041,2014
N00009753,2014
N00027459,2014
N00035593,2014
N00006424,2014
N00001148,2014
N00028152,2014
N00027694,2014
N00026460,2014
N00006863,2014
N00012942,2014
N00003389,2014
N00009829,2014
N00000179,2014
N00026627,2014
N00002356,2014
N00006882,2014
N00031681,2014
N00033509,2014
N00026926,2014
N00033631,2014
N00031134,2014
N00001171,2014
N00000699,2014
N00034547,2014
N00029303,2014
N00012546,2014
N00002793,2014
N00024770,2014
N00001945,2014
N00009795,2014
N00006954,2014
N00007390,2014
N00013846,2014
N00026914,2014
N00005282,2014
N00002083,2014
N00033410,2014
N00031412,2014
N00026050,2014
N00027566,2014
N00033091,2014
N00024992,2014
N00007876,2014
N00000939,2014
N00006789,2014
N00000153,2014
N00009926,2014
N00026043,2014
N00032022,2014
N00021207,2014
N00036154,2014
N00001692,2014
N00032441,2014
N00007248,2014
N00031006,2014
N00033540,2014
N00029285,2014
N00031011,2014
N00031958,2014
N00000781,2014
N00000751,2014
N00006397,2014
N00030836,2014
N00029391,2014
N00034639,2014
N00012672,2014
N00007360,2014
N00027510,2014
N00034120,2014
N00029277,2014
N00033591,2014
N00004558,2014
N00004426,2014
N00029168,2014
N00013817,2014
N00034416,2014
N00001633,2014
N00033549,2014
N00026457,2014
N00029127,2014
N00030744,2014
N00003682,2014
N00029662,2014
N00002260,2014
N00026160,2014
N00013823,2014
N00030581,2014
N00002198,2014
N00000964,2014
N00000362,2014
N00030949,2014
N00026885,2014
N00009922,2014
N00031127,2014
N00030968,2014
N00033832,2014
N00030184,2014
N00030962,2014
N00029441,2014
N00005285,2014
N00030768,2014
N00001685,2014
N00026314,2014
N00028463,2014
N00003473,2014
N00009668,2014
N00024759,2014
N00007151,2014
N00031741,2014
N00029018,2014
N00002858,2014
N00004719,2014
N00030645,2014
N00031253,2014
N00006671,2014
N00008264,2014
N00030612,2014
N00033510,2014
N00031988,2014
N00025482,2014
N00004887,2014
N00004357,2014
N00025280,2014
N00006446,2014
N00024870,2014
N00008274,2014
N00000528,2014
N00002424,2014
N00027751,2014
N00009660,2014
N00004724,2014
N00028138,2014
N00009585,2014
N00033101,2014
N00029273,2014
N00030071,2014
N00026106,2014
N00001093,2014
N00001579,2014
N00006460,2014
N00032457,2014
N00002147,2014
N00024871,2014
N00031782,2014
N00004291,2014
N00001813,2014
N00003062,2014
N00005681,2014
N00030622,2014
N00024790,2014
N00028091,2014
N00009920,2014
N00006897,2014
N00004961,2014
N00013770,2014
N00006263,2014
N00033983,2014
N00027523,2014
N00001311,2014
N00007833,2014
N00027623,2014
N00009816,2014
N00035282,2014
N00001811,2014
N00031204,2014
N00029649,2014
N00004118,2014
N00033932,2014
N00029574,2014
N00005918,2014
N00030891,2014
N00033508,2014
N00006701,2014
N00005321,2014
N00027605,2014
N00003288,2014
N00029736,2014
N00007419,2014
N00006052,2014
N00004572,2014
N00009699,2014
N00000226,2014
N00027509,2014
N00030191,2014
N00030196,2014
N00001489,2014
N00029026,2014
N00025175,2014
N00008051,2014
N00006561,2014
N00004133,2014
N00033367,2014
N00013820,2014
N00007021,2014
N00033839,2014
N00034349,2014
N00001102,2014
N00003813,2014
N00009659,2014
N00033106,2014
N00026368,2014
N00007690,2014
N00031226,2014
N00035686,2014
N00027467,2014
N00002097,2014
N00033492,2014
N00006690,2014
N00001861,2014
N00033539,2014
N00026335,2014
N00000515,2014
N00033310,2014
N00026163,2014
N00027533,2014
N00003467,2014
N00003280,2014
N00030602,2014
N00030650,2014
N00024809,2014
N00029459,2014
N00002073,2014
N00031857,2014
N00032416,2014
N00007724,2014
N00028073,2014
N00031502,2014
N00033220,2014
N00007999,2014
N00030670,2014
N00036633,2016
N00035451,2016
N00003028,2016
N00033997,2016
N00009888,2016
N00033720,2016
N00031938,2016
N00031177,2016
N00005293,2016
N00030980,2016
N00005736,2016
N00004367,2016
N00025495,2016
N00031233,2016
N00006236,2016
N00005656,2016
N00031877,2016
N00033904,2016
N00009774,2016
N00031934,2016
N00030608,2016
N00030717,2016
N00031559,2016
N00036018,2016
N00027462,2016
N00036449,2016
N00025292,2016
N00002674,2016
N00031539,2016
N00003105,2016
N00033744,2016
N00007727,2016
N00031685,2016
N00005195,2016
N00033474,2016
N00035267,2016
N00013873,2016
N00024866,2016
N00035420,2016
N00026595,2016
N00006692,2016
N00035307,2016
N00005883,2016
N00001619,2016
N00036013,2016
N00033532,2016
N00030910,2016
N00033495,2016
N00002713,2016
N00003535,2016
N00034254,2016
N00027626,2016
N00030829,2016
N00031227,2016
N00025219,2016
N00002221,2016
N00033390,2016
N00027035,2016
N00035380,2016
N00007099,2016
N00007836,2016
N00009771,2016
N00007232,2016
N00000267,2016
N00033373,2016
N00001955,2016
N00030736,2016
N00012508,2016
N00029513,2016
N00035346,2016
N00025095,2016
N00034128,2016
N00027503,2016
N00030245,2016
N00027514,2016
N00033316,2016
N00003689,2016
N00028958,2016
N00030600,2016
N00032019,2016
N00035278,2016
N00026961,2016
N00035854,2016
N00012460,2016
N00026790,2016
N00002408,2016
N00003845,2016
N00003328,2016
N00024753,2016
N00003225,2016
N00025726,2016
N00036158,2016
N00001285,2016
N00033518,2016
N00000491,2016
N00036023,2016
N00026041,2016
N00029891,2016
N00004029,2016
N00034224,2016
N00031820,2016
N00003132,2016
N00027441,2016
N00024852,2016
N00026341,2016
N00031064,2016
N00033363,2016
N00024842,2016
N00004614,2016
N00006267,2016
N00030770,2016
N00012739,2016
N00001127,2016
N00033085,2016
N00024978,2016
N00009738,2016
N00001971,2016
N00035403,2016
N00033054,2016
N00038767,2016
N00004884,2016
N00034784,2016
N00009604,2016
N00007781,2016
N00006134,2016
N00033897,2016
N00000615,2016
N00030693,2016
N00031593,2016
N00026171,2016
N00034746,2016
N00030709,2016
N00030957,2016
N00031317,2016
N00025337,2016
N00036149,2016
N00006023,2016
N00031103,2016
N00026586,2016
N00036928,2016
N00001373,2016
N00027860,2016
N00030967,2016
N00030752,2016
N00003209,2016
N00004981,2016
N00028249,2016
N00028257,2016
N00031513,2016
N00035440,2016
N00001003,2016
N00006249,2016
N00035483,2016
N00007335,2016
N00033217,2016
N00031672,2016
N00007312,2016
N00001746,2016
N00007364,2016
N00031141,2016
N00033443,2016
N00027229,2016
N00009573,2016
N00030815,2016
N00029679,2016
N00031545,2016
N00013799,2016
N00026631,2016
N00029139,2016
N00026166,2016
N00002893,2016
N00029016,2016
N00006423,2016
N00000684,2016
N00030490,2016
N00033281,2016
N00036097,2016
N00030856,2016
N00030780,2016
N00000743,2016
N00031128,2016
N00031998,2016
N00027658,2016
N00026148,2016
N00009154,2016
N00030771,2016
N00030880,2016
N00035688,2016
N00009975,2016
N00008799,2016
N00001758,2016
N00036135,2016
N00013323,2016
N00030788,2016
N00028418,2016
N00026686,2016
N00005870,2016
N00032029,2016
N00025284,2016
N00029400,2016
N00036409,2016
N00030801,2016
N00029675,2016
N00004874,2016
N00006806,2016
N00030197,2016
N00035628,2016
N00029632,2016
N00029147,2016
N00031005,2016
N00002884,2016
N00009869,2016
N00031557,2016
N00031244,2016
N00029835,2016
N00033782,2016
N00027522,2016
N00024922,2016
N00032243,2016
N00027060,2016
N00035792,2016
N00029070,2016
N00006008,2016
N00028139,2016
N00031688,2016
N00033399,2016
N00012611,2016
N00001821,2016
N00033630,2016
N00027649,2016
N00033030,2016
N00030673,2016
N00031104,2016
N00029258,2016
N00031417,2016
N00031265,2016
N00005582,2016
N00002593,2016
N00013345,2016
N00007017,2016
N00005818,2016
N00033640,2016
N00035531,2016
N00029077,2016
N00032088,2016
N00008122,2016
N00027848,2016
N00032546,2016
N00008028,2016
N00035717,2016
N00002299,2016
N00027894,2016
N00035007,2016
N00033177,2016
N00003522,2016
N00035934,2016
N00031933,2016
N00031647,2016
N00035215,2016
N00037003,2016
N00034044,2016
N00033395,2016
N00034453,2016
N00004403,2016
N00034580,2016
N00001193,2016
N00025237,2016
N00030667,2016
N00012539,2016
N00029260,2016
N00004436,2016
N00027500,2016
N00035820,2016
N00030875,2016
N00031377,2016
N00037031,2016
N00033987,2016
N00028133,2016
N00000898,2016
N00009724,2016
N00031129,2016
N00009759,2016
N00000575,2016
N00012233,2016
N00034068,2016
N00009918,2016
N00008046,2016
N00031696,2016
N00003950,2016
N00002577,2016
N00035825,2016
N00027239,2016
N00000851,2016
N00027741,2016
N00007479,2016
N00030676,2016
N00035347,2016
N00033842,2016
N00033274,2016
N00001024,2016
N00005559,2016
N00030026,2016
N00029562,2016
N00029788,2016
N00013855,2016
N00036155,2016
N00000078,2016
N00034277,2016
N00032838,2016
N00026710,2016
N00031777,2016
N00000270,2016
N00034041,2016
N00027459,2016
N00006424,2016
N00028152,2016
N00027694,2016
N00026460,2016
N00006863,2016
N00012942,2016
N00003389,2016
N00009829,2016
N00000179,2016
N00026627,2016
N00031681,2016
N00026926,2016
N00033982,2016
N00033631,2016
N00031134,2016
N00001171,2016
N00000699,2016
N00034547,2016
N00029303,2016
N00012546,2016
N00002793,2016
N00001945,2016
N00009795,2016
N00013846,2016
N00036275,2016
N00033814,2016
N00026914,2016
N00005282,2016
N00035431,2016
N00033410,2016
N00031412,2016
N00026050,2016
N00027566,2016
N00033091,2016
N00024992,2016
N00007876,2016
N00000939,2016
N00006789,2016
N00000153,2016
N00009926,2016
N00026043,2016
N00036403,2016
N00032022,2016
N00021207,2016
N00036154,2016
N00001692,2016
N00032441,2016
N00007248,2016
N00033540,2016
N00029285,2016
N00031958,2016
N00000781,2016
N00035691,2016
N00000751,2016
N00030836,2016
N00029391,2016
N00034639,2016
N00012672,2016
N00007360,2016
N00035516,2016
N00027510,2016
N00034120,2016
N00029277,2016
N00033591,2016
N00004558,2016
N00029168,2016
N00013817,2016
N00034416,2016
N00001633,2016
N00035000,2016
N00033549,2016
N00026457,2016
N00034584,2016
N00029127,2016
N00030744,2016
N00003682,2016
N00029662,2016
N00002260,2016
N00026160,2016
N00030581,2016
N00007635,2016
N00000964,2016
N00035972,2016
N00000362,2016
N00030949,2016
N00026885,2016
N00009922,2016
N00031127,2016
N00030968,2016
N00035927,2016
N00033832,2016
N00030184,2016
N00030962,2016
N00029441,2016
N00005285,2016
N00030768,2016
N00026314,2016
N00028463,2016
N00003473,2016
N00024759,2016
N00007151,2016
N00031741,2016
N00029018,2016
N00002858,2016
N00004719,2016
N00030645,2016
N00031253,2016
N00035187,2016
N00033527,2016
N00006671,2016
N00008264,2016
N00030612,2016
N00033510,2016
N00025482,2016
N00004887,2016
N00036175,2016
N00004357,2016
N00025280,2016
N00006446,2016
N00024870,2016
N00008274,2016
N00000528,2016
N00002424,2016
N00027751,2016
N00035544,2016
N00009660,2016
N00004724,2016
N00028138,2016
N00009585,2016
N00030071,2016
N00026106,2016
N00001093,2016
N00006460,2016
N00032457,2016
N00002147,2016
N00024871,2016
N00031782,2016
N00004291,2016
N00001813,2016
N00003062,2016
N00005681,2016
N00030622,2016
N00024790,2016
N00009920,2016
N00006897,2016
N00004961,2016
N00013770,2016
N00006263,2016
N00033983,2016
N00027523,2016
N00001311,2016
N00007833,2016
N00027623,2016
N00009816,2016
N00035282,2016
N00001811,2016
N00029649,2016
N00004118,2016
N00035523,2016
N00033932,2016
N00029574,2016
N00030891,2016
N00035774,2016
N00033508,2016
N00006701,2016
N00027605,2016
N00003288,2016
N00029736,2016
N00007419,2016
N00006052,2016
N00004572,2016
N00009699,2016
N00035492,2016
N00027509,2016
N00030191,2016
N00030196,2016
N00001489,2016
N00036107,2016
N00035607,2016
N00029026,2016
N00025175,2016
N00006561,2016
N00004133,2016
N00033367,2016
N00013820,2016
N00007021,2016
N00033839,2016
N00034349,2016
N00001102,2016
N00003813,2016
N00009659,2016
N00033106,2016
N00026368,2016
N00007690,2016
N00035311,2016
N00031226,2016
N00035391,2016
N00027467,2016
N00002097,2016
N00033492,2016
N00006690,2016
N00033539,2016
N00026335,2016
N00000515,2016
N00033310,2016
N00035527,2016
N00026163,2016
N00027533,2016
N00003280,2016
N00030602,2016
N00030650,2016
N00024809,2016
N00029459,2016
N00031857,2016
N00032416,2016
N00007724,2016
N00028073,2016
N00031502,2016
N00033220,2016
N00035509,2016
N00007999,2016
N00030670,2016
N00029404,2016
N00035616,2016
